{"stats":{"minecraft:killed":{"minecraft:zombie":1},"minecraft:crafted":{"minecraft:crafting_table":1,"minecraft:spruce_planks":24,"minecraft:stick":8,"minecraft:wooden_pickaxe":1,"minecraft:stone_pickaxe":1,"minecraft:wooden_axe":1,"minecraft:stone_axe":1},"minecraft:mined":{"minecraft:spruce_planks":1,"minecraft:spruce_log":12,"minecraft:crafting_table":1,"minecraft:grass":5,"minecraft:grass_block":2,"minecraft:oak_log":3,"minecraft:dirt":9,"minecraft:cobblestone":12,"minecraft:spruce_leaves":9},"minecraft:picked_up":{"minecraft:crafting_table":1,"minecraft:oak_log":3,"minecraft:spruce_sapling":1,"minecraft:spruce_log":12,"minecraft:dirt":11,"minecraft:rotten_flesh":4,"minecraft:spruce_planks":1,"minecraft:cobblestone":12},"minecraft:custom":{"minecraft:time_since_rest":8721,"minecraft:sprint_one_cm":19367,"minecraft:damage_taken":110,"minecraft:walk_one_cm":20375,"minecraft:mob_kills":1,"minecraft:damage_dealt":265,"minecraft:interact_with_crafting_table":2,"minecraft:swim_one_cm":1221,"minecraft:fly_one_cm":43120,"minecraft:open_chest":1,"minecraft:crouch_one_cm":195,"minecraft:play_time":8721,"minecraft:sneak_time":118,"minecraft:walk_under_water_one_cm":318,"minecraft:jump":175,"minecraft:time_since_death":8721,"minecraft:walk_on_water_one_cm":451,"minecraft:total_world_time":8721,"minecraft:fall_one_cm":3181},"minecraft:used":{"minecraft:wooden_axe":17,"minecraft:wooden_pickaxe":15,"minecraft:spruce_sapling":1,"minecraft:dirt":4,"minecraft:crafting_table":2,"alexsmobs:animal_dictionary":1}},"DataVersion":3120}