{"stats":{"minecraft:dropped":{"minecraft:iron_sword":1,"minecraft:cobbled_deepslate":19,"minecraft:pointed_dripstone":3,"minecraft:feather":1,"minecraft:rotten_flesh":3,"sophisticatedbackpacks:backpack":1,"minecraft:cobweb":9,"minecraft:diorite":7,"minecraft:torch":1,"minecraft:wooden_axe":1,"minecraft:wooden_pickaxe":2,"minecraft:string":1},"minecraft:killed":{"minecraft:sheep":4,"minecraft:zombie":13,"minecraft:chicken":1,"alexsmobs:crow":1,"minecraft:cow":2},"minecraft:crafted":{"minecraft:oak_planks":20,"minecraft:cobblestone_slab":6,"minecraft:crafting_table":2,"minecraft:spruce_planks":24,"minecraft:wooden_pickaxe":2,"minecraft:cooked_chicken":1,"minecraft:iron_sword":1,"minecraft:stone_axe":1,"minecraft:bread":1,"minecraft:air":0,"minecraft:iron_chestplate":1,"minecraft:stick":28,"minecraft:iron_ingot":11,"minecraft:stone_pickaxe":2,"minecraft:wooden_axe":1,"minecraft:torch":40},"minecraft:mined":{"minecraft:tuff":49,"minecraft:spruce_planks":10,"minecraft:crafting_table":3,"minecraft:torch":4,"minecraft:grass_block":2,"minecraft:cobblestone":12,"minecraft:deepslate_coal_ore":3,"minecraft:spruce_leaves":9,"minecraft:wall_torch":11,"minecraft:spawner":1,"minecraft:iron_ore":4,"minecraft:cobbled_deepslate":19,"minecraft:spruce_log":12,"minecraft:deepslate_lapis_ore":4,"minecraft:grass":7,"minecraft:oak_log":4,"minecraft:coal_ore":30,"minecraft:deepslate_iron_ore":5,"minecraft:sand":1,"minecraft:gravel":5,"minecraft:dirt":9,"minecraft:stripped_oak_log":3,"minecraft:stone":26,"minecraft:deepslate":87},"minecraft:picked_up":{"minecraft:stripped_oak_log":6,"minecraft:wheat":2,"minecraft:iron_chestplate":1,"minecraft:crafting_table":3,"minecraft:feather":4,"minecraft:cooked_beef":1,"minecraft:chicken":1,"minecraft:andesite":5,"minecraft:brown_wool":1,"minecraft:leather":2,"minecraft:flint":2,"minecraft:tuff":48,"minecraft:oak_log":8,"minecraft:shield":1,"minecraft:dirt":17,"minecraft:lapis_lazuli":25,"minecraft:string":3,"minecraft:cooked_mutton":1,"minecraft:zombie_head":1,"minecraft:bone":10,"minecraft:cobbled_deepslate":126,"minecraft:raw_gold":8,"minecraft:rabbit_hide":14,"minecraft:spruce_planks":28,"minecraft:beef":3,"minecraft:iron_ingot":6,"minecraft:stone_pickaxe":1,"minecraft:cobweb":9,"minecraft:cobblestone_slab":6,"minecraft:iron_sword":2,"minecraft:raw_iron":9,"minecraft:torch":34,"minecraft:dripstone_block":2,"minecraft:gravel":6,"quark:deepslate_furnace":2,"minecraft:spruce_sapling":1,"minecraft:pointed_dripstone":3,"minecraft:diorite":7,"minecraft:spruce_log":12,"minecraft:stone_shovel":1,"minecraft:rotten_flesh":16,"minecraft:stone_axe":1,"minecraft:bread":7,"alexsmobs:maggot":1,"minecraft:mutton":5,"minecraft:coal":57,"minecraft:white_wool":4,"minecraft:cobblestone":40},"minecraft:custom":{"minecraft:interact_with_furnace":27,"minecraft:mob_kills":23,"minecraft:interact_with_crafting_table":16,"minecraft:open_barrel":5,"minecraft:time_since_death":26364,"minecraft:climb_one_cm":482,"minecraft:time_since_rest":26388,"minecraft:sprint_one_cm":92887,"minecraft:damage_taken":1752,"minecraft:walk_one_cm":167248,"minecraft:damage_blocked_by_shield":375,"minecraft:drop":15,"minecraft:damage_dealt":3651,"minecraft:swim_one_cm":22574,"minecraft:fly_one_cm":181574,"minecraft:open_chest":9,"minecraft:crouch_one_cm":13270,"minecraft:play_time":62721,"minecraft:deaths":3,"minecraft:sneak_time":4239,"minecraft:walk_under_water_one_cm":6309,"minecraft:jump":1346,"minecraft:walk_on_water_one_cm":10351,"minecraft:interact_with_smoker":1,"minecraft:total_world_time":62721,"minecraft:fall_one_cm":34648},"minecraft:broken":{"minecraft:stone_pickaxe":1,"minecraft:shield":1},"minecraft:used":{"minecraft:cooked_mutton":1,"minecraft:stone_shovel":5,"minecraft:stone_pickaxe":229,"minecraft:shield":2,"minecraft:wooden_pickaxe":18,"minecraft:iron_sword":91,"minecraft:cobblestone_slab":6,"minecraft:cooked_chicken":1,"minecraft:rotten_flesh":13,"minecraft:iron_chestplate":1,"minecraft:white_wool":1,"minecraft:torch":43,"minecraft:dirt":27,"minecraft:crafting_table":4,"minecraft:dripstone_block":2,"minecraft:tuff":46,"minecraft:wooden_axe":17,"quark:deepslate_furnace":1,"minecraft:bread":8,"minecraft:spruce_sapling":1,"minecraft:gravel":6,"minecraft:stone_axe":16,"minecraft:cobblestone":31,"alexsmobs:animal_dictionary":1,"minecraft:cooked_beef":1,"minecraft:cobbled_deepslate":82},"minecraft:killed_by":{"minecraft:player":2,"minecraft:cave_spider":1}},"DataVersion":3120}