{"stats":{"minecraft:dropped":{"minecraft:feather":1},"minecraft:killed":{"minecraft:zombie":1,"minecraft:chicken":1},"minecraft:crafted":{"minecraft:iron_chestplate":1,"minecraft:crafting_table":1,"minecraft:spruce_planks":24,"minecraft:stick":12,"minecraft:iron_ingot":8,"minecraft:cooked_chicken":1,"minecraft:wooden_pickaxe":1,"minecraft:stone_pickaxe":1,"minecraft:wooden_axe":1,"minecraft:iron_sword":1,"minecraft:stone_axe":1,"minecraft:air":0},"minecraft:mined":{"minecraft:spruce_planks":10,"minecraft:spruce_log":12,"minecraft:torch":2,"minecraft:crafting_table":3,"minecraft:grass":5,"minecraft:coal_ore":16,"minecraft:grass_block":2,"minecraft:oak_log":4,"minecraft:dirt":9,"minecraft:stripped_oak_log":3,"minecraft:cobblestone":12,"minecraft:deepslate_coal_ore":3,"minecraft:spruce_leaves":9,"minecraft:stone":1,"minecraft:spawner":1},"minecraft:picked_up":{"minecraft:stripped_oak_log":3,"minecraft:feather":1,"minecraft:crafting_table":3,"minecraft:cooked_beef":1,"minecraft:chicken":1,"minecraft:torch":13,"quark:deepslate_furnace":2,"minecraft:oak_log":4,"minecraft:spruce_sapling":1,"minecraft:spruce_log":12,"minecraft:string":2,"minecraft:dirt":11,"minecraft:rotten_flesh":5,"minecraft:spruce_planks":10,"minecraft:iron_ingot":4,"minecraft:coal":44,"minecraft:cobblestone":15},"minecraft:custom":{"minecraft:time_since_rest":20721,"minecraft:interact_with_furnace":23,"minecraft:sprint_one_cm":44568,"minecraft:damage_taken":186,"minecraft:walk_one_cm":55563,"minecraft:mob_kills":2,"minecraft:drop":1,"minecraft:damage_dealt":305,"minecraft:open_barrel":5,"minecraft:interact_with_crafting_table":6,"minecraft:swim_one_cm":6497,"minecraft:fly_one_cm":71912,"minecraft:open_chest":6,"minecraft:crouch_one_cm":4282,"minecraft:play_time":20721,"minecraft:sneak_time":865,"minecraft:walk_under_water_one_cm":817,"minecraft:jump":367,"minecraft:time_since_death":20721,"minecraft:walk_on_water_one_cm":4429,"minecraft:total_world_time":20721,"minecraft:fall_one_cm":8023},"minecraft:used":{"minecraft:wooden_axe":17,"minecraft:stone_pickaxe":21,"minecraft:wooden_pickaxe":15,"minecraft:spruce_sapling":1,"minecraft:cooked_chicken":1,"minecraft:torch":9,"minecraft:stone_axe":16,"minecraft:dirt":11,"minecraft:cobblestone":6,"minecraft:crafting_table":2,"alexsmobs:animal_dictionary":1,"minecraft:cooked_beef":1}},"DataVersion":3120}