{"stats":{"minecraft:dropped":{"minecraft:iron_sword":1,"minecraft:cobbled_deepslate":19,"minecraft:feather":1,"minecraft:rotten_flesh":3,"sophisticatedbackpacks:backpack":1,"minecraft:torch":1,"minecraft:wooden_axe":1,"minecraft:wooden_pickaxe":1},"minecraft:killed":{"minecraft:zombie":12,"minecraft:chicken":1},"minecraft:crafted":{"minecraft:oak_planks":20,"minecraft:cobblestone_slab":6,"minecraft:crafting_table":2,"minecraft:spruce_planks":24,"minecraft:wooden_pickaxe":2,"minecraft:cooked_chicken":1,"minecraft:iron_sword":1,"minecraft:stone_axe":1,"minecraft:bread":1,"minecraft:air":0,"minecraft:iron_chestplate":1,"minecraft:stick":28,"minecraft:iron_ingot":11,"minecraft:stone_pickaxe":2,"minecraft:wooden_axe":1,"minecraft:torch":12},"minecraft:mined":{"minecraft:tuff":47,"minecraft:spruce_planks":10,"minecraft:crafting_table":3,"minecraft:torch":4,"minecraft:grass_block":2,"minecraft:cobblestone":12,"minecraft:deepslate_coal_ore":3,"minecraft:spruce_leaves":9,"minecraft:wall_torch":11,"minecraft:spawner":1,"minecraft:cobbled_deepslate":19,"minecraft:spruce_log":12,"minecraft:deepslate_lapis_ore":4,"minecraft:grass":5,"minecraft:oak_log":4,"minecraft:coal_ore":16,"minecraft:deepslate_iron_ore":4,"minecraft:gravel":5,"minecraft:dirt":9,"minecraft:stripped_oak_log":3,"minecraft:stone":1,"minecraft:deepslate":82},"minecraft:picked_up":{"minecraft:stripped_oak_log":6,"minecraft:wheat":2,"minecraft:iron_chestplate":1,"minecraft:crafting_table":3,"minecraft:feather":4,"minecraft:cooked_beef":1,"minecraft:chicken":1,"minecraft:tuff":46,"minecraft:oak_log":8,"minecraft:shield":1,"minecraft:dirt":11,"minecraft:lapis_lazuli":25,"minecraft:string":2,"minecraft:cooked_mutton":1,"minecraft:zombie_head":1,"minecraft:bone":10,"minecraft:cobbled_deepslate":114,"minecraft:raw_gold":8,"minecraft:rabbit_hide":14,"minecraft:spruce_planks":28,"minecraft:iron_ingot":6,"minecraft:stone_pickaxe":1,"minecraft:cobweb":9,"minecraft:cobblestone_slab":6,"minecraft:iron_sword":2,"minecraft:raw_iron":4,"minecraft:torch":34,"minecraft:dripstone_block":1,"minecraft:gravel":6,"quark:deepslate_furnace":2,"minecraft:spruce_sapling":1,"minecraft:spruce_log":12,"minecraft:stone_shovel":1,"minecraft:rotten_flesh":16,"minecraft:stone_axe":1,"minecraft:bread":7,"minecraft:coal":44,"minecraft:white_wool":1,"minecraft:cobblestone":15},"minecraft:custom":{"minecraft:interact_with_furnace":27,"minecraft:mob_kills":15,"minecraft:interact_with_crafting_table":16,"minecraft:open_barrel":5,"minecraft:time_since_death":14364,"minecraft:time_since_rest":14388,"minecraft:sprint_one_cm":71277,"minecraft:damage_taken":1414,"minecraft:walk_one_cm":140018,"minecraft:drop":10,"minecraft:damage_dealt":2727,"minecraft:swim_one_cm":6497,"minecraft:fly_one_cm":128174,"minecraft:open_chest":6,"minecraft:crouch_one_cm":11709,"minecraft:play_time":50721,"minecraft:deaths":3,"minecraft:sneak_time":3612,"minecraft:walk_under_water_one_cm":817,"minecraft:jump":942,"minecraft:walk_on_water_one_cm":4429,"minecraft:total_world_time":50721,"minecraft:fall_one_cm":23547},"minecraft:broken":{"minecraft:stone_pickaxe":1},"minecraft:used":{"minecraft:cooked_mutton":1,"minecraft:stone_shovel":5,"minecraft:stone_pickaxe":178,"minecraft:wooden_pickaxe":18,"minecraft:iron_sword":75,"minecraft:cobblestone_slab":6,"minecraft:cooked_chicken":1,"minecraft:rotten_flesh":13,"minecraft:iron_chestplate":1,"minecraft:white_wool":1,"minecraft:torch":41,"minecraft:dirt":27,"minecraft:crafting_table":4,"minecraft:dripstone_block":1,"minecraft:tuff":18,"minecraft:wooden_axe":17,"quark:deepslate_furnace":1,"minecraft:bread":2,"minecraft:spruce_sapling":1,"minecraft:gravel":6,"minecraft:stone_axe":16,"minecraft:cobblestone":6,"alexsmobs:animal_dictionary":1,"minecraft:cooked_beef":1,"minecraft:cobbled_deepslate":69},"minecraft:killed_by":{"minecraft:player":2,"minecraft:cave_spider":1}},"DataVersion":3120}