{"stats":{"minecraft:dropped":{"minecraft:iron_sword":1,"minecraft:cobbled_deepslate":19,"minecraft:feather":1,"minecraft:rotten_flesh":3,"minecraft:torch":1,"minecraft:wooden_axe":1,"minecraft:wooden_pickaxe":1},"minecraft:killed":{"minecraft:zombie":9,"minecraft:chicken":1},"minecraft:crafted":{"minecraft:cobblestone_slab":6,"minecraft:crafting_table":1,"minecraft:spruce_planks":24,"minecraft:wooden_pickaxe":1,"minecraft:cooked_chicken":1,"minecraft:iron_sword":1,"minecraft:stone_axe":1,"minecraft:bread":1,"minecraft:air":0,"minecraft:iron_chestplate":1,"minecraft:stick":12,"minecraft:iron_ingot":11,"minecraft:stone_pickaxe":1,"minecraft:wooden_axe":1,"minecraft:torch":12},"minecraft:mined":{"minecraft:tuff":1,"minecraft:spruce_planks":10,"minecraft:crafting_table":3,"minecraft:torch":3,"minecraft:grass_block":2,"minecraft:cobblestone":12,"minecraft:deepslate_coal_ore":3,"minecraft:spruce_leaves":9,"minecraft:wall_torch":8,"minecraft:spawner":1,"minecraft:cobbled_deepslate":16,"minecraft:spruce_log":12,"minecraft:deepslate_lapis_ore":4,"minecraft:grass":5,"minecraft:oak_log":4,"minecraft:coal_ore":16,"minecraft:deepslate_iron_ore":4,"minecraft:dirt":9,"minecraft:stripped_oak_log":3,"minecraft:stone":1,"minecraft:deepslate":54},"minecraft:picked_up":{"minecraft:stripped_oak_log":6,"minecraft:wheat":2,"minecraft:iron_chestplate":1,"minecraft:crafting_table":3,"minecraft:feather":4,"minecraft:cooked_beef":1,"minecraft:chicken":1,"minecraft:tuff":1,"minecraft:oak_log":8,"minecraft:shield":1,"minecraft:dirt":11,"minecraft:lapis_lazuli":25,"minecraft:string":2,"minecraft:cooked_mutton":1,"minecraft:bone":10,"minecraft:cobbled_deepslate":84,"minecraft:rabbit_hide":14,"minecraft:spruce_planks":28,"minecraft:iron_ingot":4,"minecraft:stone_pickaxe":1,"minecraft:cobblestone_slab":6,"minecraft:iron_sword":2,"minecraft:raw_iron":4,"minecraft:torch":30,"minecraft:dripstone_block":1,"minecraft:gravel":2,"quark:deepslate_furnace":2,"minecraft:spruce_sapling":1,"minecraft:spruce_log":12,"minecraft:stone_shovel":1,"minecraft:rotten_flesh":16,"minecraft:stone_axe":1,"minecraft:coal":44,"minecraft:white_wool":1,"minecraft:cobblestone":15},"minecraft:custom":{"minecraft:interact_with_furnace":27,"minecraft:mob_kills":11,"minecraft:interact_with_crafting_table":12,"minecraft:open_barrel":5,"minecraft:time_since_death":2364,"minecraft:time_since_rest":2388,"minecraft:sprint_one_cm":65381,"minecraft:damage_taken":1272,"minecraft:walk_one_cm":104256,"minecraft:drop":9,"minecraft:damage_dealt":2146,"minecraft:swim_one_cm":6497,"minecraft:fly_one_cm":112073,"minecraft:open_chest":6,"minecraft:crouch_one_cm":7090,"minecraft:play_time":38721,"minecraft:deaths":3,"minecraft:sneak_time":2109,"minecraft:walk_under_water_one_cm":817,"minecraft:jump":705,"minecraft:walk_on_water_one_cm":4429,"minecraft:total_world_time":38721,"minecraft:fall_one_cm":16760},"minecraft:used":{"minecraft:cooked_mutton":1,"minecraft:stone_pickaxe":102,"minecraft:wooden_pickaxe":16,"minecraft:iron_sword":60,"minecraft:cooked_chicken":1,"minecraft:rotten_flesh":12,"minecraft:iron_chestplate":1,"minecraft:white_wool":1,"minecraft:torch":30,"minecraft:dirt":27,"minecraft:crafting_table":3,"minecraft:tuff":1,"minecraft:wooden_axe":17,"quark:deepslate_furnace":1,"minecraft:bread":1,"minecraft:spruce_sapling":1,"minecraft:gravel":2,"minecraft:stone_axe":16,"minecraft:cobblestone":6,"alexsmobs:animal_dictionary":1,"minecraft:cooked_beef":1,"minecraft:cobbled_deepslate":39},"minecraft:killed_by":{"minecraft:player":2,"minecraft:cave_spider":1}},"DataVersion":3120}