{"stats":{"minecraft:dropped":{"minecraft:iron_ingot":5,"minecraft:bread":7,"minecraft:iron_sword":1,"minecraft:candle":3,"minecraft:wheat_seeds":1,"minecraft:cooked_beef":1,"minecraft:smooth_quartz_stairs":1,"minecraft:dripstone_block":2,"minecraft:oak_fence":1,"minecraft:feather":3,"minecraft:cobblestone":127,"minecraft:leather":14,"minecraft:flint":2,"minecraft:dirt":6,"minecraft:diorite":14,"minecraft:torch":28,"minecraft:wooden_axe":1,"minecraft:smooth_quartz":5,"minecraft:pumpkin":3,"minecraft:raw_iron_block":5,"minecraft:string":3,"minecraft:white_wool":1,"minecraft:gravel":2,"alexsmobs:maggot":2,"alexsmobs:animal_dictionary":1,"minecraft:tuff":26,"minecraft:wheat":3,"minecraft:pointed_dripstone":3,"minecraft:raw_iron":1,"minecraft:stone_shovel":1,"minecraft:rotten_flesh":9,"minecraft:oak_planks":11,"sophisticatedbackpacks:backpack":1,"minecraft:cooked_mutton":1,"minecraft:quartz_bricks":2,"minecraft:oak_fence_gate":1,"minecraft:andesite":10,"minecraft:quartz_block":1,"minecraft:andesite_stairs":1,"minecraft:stone_brick_wall":2,"minecraft:stone_bricks":1,"minecraft:spider_eye":1,"minecraft:scaffolding":2,"minecraft:stone_brick_stairs":1},"minecraft:killed":{"minecraft:cave_spider":1,"alexsmobs:raccoon":1,"minecraft:spider":6,"quark:toretoise":1,"minecraft:skeleton":1,"minecraft:chicken":5,"minecraft:drowned":1,"minecraft:pig":9,"minecraft:zombie_villager":1,"minecraft:creeper":2,"minecraft:sheep":2,"minecraft:zombie":21,"alexsmobs:terrapin":1,"alexsmobs:crow":1,"endofherobrine:cow":2,"minecraft:cow":18},"minecraft:crafted":{"minecraft:oak_door":3,"minecraft:oak_planks":72,"minecraft:stone_shovel":1,"minecraft:cooked_chicken":4,"minecraft:furnace":1,"quark:deepslate_furnace":15,"minecraft:cooked_mutton":5,"minecraft:oak_trapdoor":2,"minecraft:flint_and_steel":1,"minecraft:iron_boots":1,"minecraft:iron_axe":2,"minecraft:stone_pickaxe":3,"sophisticatedbackpacks:iron_backpack":1,"minecraft:cooked_beef":35,"minecraft:cooked_porkchop":18,"minecraft:crafting_table":7,"minecraft:spruce_planks":36,"minecraft:baked_potato":25,"minecraft:wooden_pickaxe":1,"minecraft:iron_helmet":1,"minecraft:iron_sword":1,"sophisticatedbackpacks:gold_backpack":1,"minecraft:air":0,"minecraft:oak_boat":1,"minecraft:iron_chestplate":1,"minecraft:diamond_pickaxe":1,"minecraft:charcoal":2,"minecraft:shield":1,"minecraft:stick":36,"quark:oak_chest":1,"minecraft:wooden_axe":1,"minecraft:iron_ingot":57,"minecraft:iron_pickaxe":4,"minecraft:iron_block":5,"minecraft:gold_ingot":10,"minecraft:iron_leggings":1,"minecraft:torch":112},"minecraft:mined":{"minecraft:red_carpet":2,"minecraft:tuff":12,"minecraft:light_gray_stained_glass_pane":2,"minecraft:mossy_cobblestone":2,"minecraft:candle":1,"minecraft:deepslate_diamond_ore":3,"minecraft:andesite_stairs":1,"minecraft:brewing_stand":1,"minecraft:spruce_trapdoor":9,"minecraft:granite":44,"minecraft:ladder":2,"minecraft:stone_brick_wall":2,"minecraft:grass_block":2,"minecraft:spruce_leaves":4,"minecraft:hay_block":3,"minecraft:raw_iron_block":8,"minecraft:oak_trapdoor":1,"minecraft:furnace":1,"minecraft:fire":23,"minecraft:iron_ore":30,"minecraft:cobbled_deepslate":31,"minecraft:andesite":25,"minecraft:pumpkin":3,"minecraft:deepslate_lapis_ore":5,"minecraft:pointed_dripstone":2,"minecraft:vine":1,"minecraft:deepslate_iron_ore":21,"minecraft:oak_stairs":1,"minecraft:iron_bars":8,"minecraft:smooth_quartz_stairs":1,"minecraft:stone":297,"minecraft:spruce_slab":1,"minecraft:oak_slab":1,"minecraft:scaffolding":3,"minecraft:quartz_block":1,"minecraft:red_bed":6,"minecraft:oak_fence":2,"minecraft:crafting_table":6,"minecraft:torch":6,"minecraft:campfire":1,"quark:blossom_log":1,"minecraft:quartz_bricks":2,"minecraft:tall_grass":7,"minecraft:copper_ore":1,"minecraft:cobblestone":27,"minecraft:deepslate_coal_ore":1,"minecraft:deepslate_gold_ore":10,"minecraft:sugar_cane":5,"minecraft:diorite":9,"minecraft:wall_torch":15,"minecraft:spruce_stairs":4,"minecraft:white_carpet":1,"minecraft:spruce_log":12,"minecraft:stone_brick_stairs":3,"quark:deepslate_furnace":16,"minecraft:grass":7,"minecraft:oak_log":60,"minecraft:coal_ore":53,"minecraft:oak_fence_gate":2,"minecraft:smooth_quartz":6,"minecraft:dripstone_block":2,"minecraft:gravel":20,"minecraft:dirt":57,"minecraft:cobweb":1,"minecraft:stone_bricks":2,"minecraft:mossy_stone_bricks":2,"minecraft:oak_leaves":2,"minecraft:deepslate":259},"minecraft:picked_up":{"minecraft:wooden_axe":2,"minecraft:charcoal":2,"minecraft:crafting_table":7,"minecraft:chicken":4,"minecraft:ladder":1,"minecraft:oak_stairs":1,"minecraft:wooden_pickaxe":2,"minecraft:stone_brick_wall":2,"minecraft:stone_brick_stairs":2,"minecraft:brewing_stand":1,"minecraft:red_bed":6,"minecraft:raw_copper":3,"minecraft:string":4,"minecraft:candle":4,"minecraft:cobbled_deepslate":300,"minecraft:beef":44,"minecraft:andesite_stairs":2,"minecraft:oak_boat":3,"minecraft:smooth_quartz":5,"minecraft:spruce_slab":1,"minecraft:sugar_cane":10,"minecraft:smooth_quartz_stairs":1,"minecraft:spruce_trapdoor":9,"minecraft:furnace":1,"minecraft:egg":2,"minecraft:stick":33,"minecraft:raw_iron":53,"minecraft:oak_door":1,"minecraft:oak_fence":1,"minecraft:torch":34,"minecraft:spruce_stairs":4,"minecraft:porkchop":16,"sophisticatedbackpacks:backpack":3,"quark:deepslate_furnace":15,"minecraft:pointed_dripstone":3,"minecraft:diorite":16,"minecraft:quartz_block":1,"minecraft:arrow":1,"minecraft:rotten_flesh":20,"minecraft:hay_block":3,"minecraft:mutton":3,"minecraft:iron_bars":8,"minecraft:bone_block":14,"minecraft:white_wool":1,"minecraft:cobblestone":395,"minecraft:nautilus_shell":1,"minecraft:feather":6,"minecraft:cooked_beef":1,"minecraft:andesite":30,"minecraft:leather":23,"minecraft:brown_wool":1,"minecraft:flint":3,"minecraft:tuff":38,"minecraft:oak_log":114,"minecraft:gunpowder":9,"minecraft:lapis_lazuli":60,"minecraft:dirt":63,"minecraft:lantern":1,"minecraft:red_carpet":2,"minecraft:bone":1,"minecraft:apple":1,"minecraft:stone_bricks":1,"minecraft:wheat_seeds":2,"minecraft:oak_fence_gate":2,"minecraft:raw_gold":10,"minecraft:iron_ingot":5,"minecraft:cobweb":8,"minecraft:iron_sword":1,"minecraft:oak_planks":1,"minecraft:oak_slab":1,"minecraft:scaffolding":3,"minecraft:pumpkin":6,"minecraft:raw_iron_block":8,"minecraft:dripstone_block":3,"minecraft:gravel":13,"minecraft:spruce_log":12,"minecraft:spider_eye":2,"minecraft:mossy_cobblestone":2,"minecraft:quartz_bricks":2,"minecraft:diamond":3,"minecraft:granite":44,"minecraft:bread":88,"alexsmobs:maggot":2,"minecraft:oak_sapling":2,"minecraft:coal":207},"minecraft:custom":{"minecraft:mob_kills":74,"minecraft:interact_with_crafting_table":56,"minecraft:open_barrel":4,"minecraft:leave_game":1,"minecraft:time_since_death":66008,"minecraft:climb_one_cm":6823,"minecraft:sprint_one_cm":337321,"minecraft:walk_one_cm":297439,"minecraft:drop":79,"minecraft:talked_to_villager":4,"minecraft:play_time":162584,"minecraft:sneak_time":18700,"minecraft:deaths":5,"minecraft:walk_under_water_one_cm":4322,"minecraft:boat_one_cm":146390,"minecraft:jump":3430,"minecraft:walk_on_water_one_cm":13501,"minecraft:total_world_time":162584,"minecraft:interact_with_furnace":197,"minecraft:sleep_in_bed":1,"minecraft:time_since_rest":1184,"minecraft:damage_taken":4003,"minecraft:damage_dealt":11971,"minecraft:player_kills":1,"minecraft:swim_one_cm":55127,"minecraft:fly_one_cm":537447,"minecraft:open_chest":63,"minecraft:crouch_one_cm":43346,"minecraft:interact_with_smoker":2,"minecraft:fall_one_cm":92412},"minecraft:broken":{"minecraft:stone_pickaxe":1,"minecraft:iron_pickaxe":2,"minecraft:wooden_axe":1},"minecraft:used":{"minecraft:oak_trapdoor":1,"minecraft:stone_shovel":63,"minecraft:spruce_planks":9,"minecraft:iron_sword":114,"minecraft:cooked_chicken":2,"minecraft:rotten_flesh":9,"minecraft:oak_door":2,"minecraft:torch":88,"minecraft:dirt":5,"minecraft:granite":14,"minecraft:wooden_axe":59,"quark:deepslate_furnace":30,"minecraft:iron_axe":167,"minecraft:stone_brick_stairs":1,"minecraft:furnace":1,"minecraft:egg":2,"minecraft:cooked_beef":11,"minecraft:cobbled_deepslate":126,"minecraft:iron_leggings":1,"minecraft:cooked_mutton":2,"minecraft:stone_pickaxe":152,"minecraft:wooden_pickaxe":24,"minecraft:red_bed":1,"minecraft:crafting_table":14,"minecraft:dripstone_block":1,"minecraft:apple":1,"minecraft:bread":33,"minecraft:iron_pickaxe":746,"minecraft:gravel":11,"minecraft:cobblestone":251,"minecraft:cooked_porkchop":1,"minecraft:andesite":1,"quark:oak_chest":1,"minecraft:oak_boat":3,"minecraft:candle":1},"minecraft:killed_by":{"minecraft:player":1,"minecraft:creeper":1,"minecraft:skeleton":1,"minecraft:zombie":1}},"DataVersion":3120}