{"stats":{"minecraft:dropped":{"minecraft:wooden_axe":1},"minecraft:killed":{"alexsmobs:crow":1,"minecraft:cow":7},"minecraft:mined":{"minecraft:mossy_cobblestone":2,"minecraft:spruce_log":12,"minecraft:crafting_table":1,"minecraft:ladder":1,"minecraft:grass":2,"minecraft:oak_log":13,"minecraft:dirt":5,"minecraft:cobblestone":7,"minecraft:spruce_leaves":2},"minecraft:crafted":{"minecraft:cooked_beef":7,"minecraft:oak_door":3,"minecraft:oak_planks":12,"minecraft:charcoal":1,"minecraft:crafting_table":1,"minecraft:spruce_planks":36,"minecraft:stick":16,"minecraft:wooden_pickaxe":1,"minecraft:wooden_axe":1,"minecraft:furnace":1,"minecraft:torch":4,"minecraft:air":0,"minecraft:oak_trapdoor":2},"minecraft:picked_up":{"minecraft:wooden_axe":1,"minecraft:stick":31,"minecraft:crafting_table":1,"minecraft:feather":1,"minecraft:ladder":1,"minecraft:leather":8,"minecraft:oak_log":13,"minecraft:spruce_log":12,"minecraft:dirt":5,"minecraft:mossy_cobblestone":2,"minecraft:beef":12,"minecraft:bread":2,"minecraft:cobblestone":7},"minecraft:custom":{"minecraft:time_since_rest":13724,"minecraft:interact_with_furnace":14,"minecraft:sprint_one_cm":27371,"minecraft:damage_taken":525,"minecraft:walk_one_cm":32207,"minecraft:mob_kills":8,"minecraft:drop":1,"minecraft:damage_dealt":900,"minecraft:interact_with_crafting_table":8,"minecraft:swim_one_cm":1872,"minecraft:fly_one_cm":36944,"minecraft:open_chest":3,"minecraft:crouch_one_cm":2879,"minecraft:play_time":16288,"minecraft:deaths":2,"minecraft:sneak_time":792,"minecraft:walk_under_water_one_cm":99,"minecraft:boat_one_cm":41282,"minecraft:jump":264,"minecraft:time_since_death":13699,"minecraft:walk_on_water_one_cm":1475,"minecraft:climb_one_cm":1610,"minecraft:total_world_time":16288,"minecraft:fall_one_cm":5606},"minecraft:used":{"minecraft:oak_trapdoor":1,"minecraft:wooden_axe":32,"minecraft:bread":1,"minecraft:spruce_planks":8,"minecraft:wooden_pickaxe":15,"minecraft:oak_door":1,"minecraft:crafting_table":2,"minecraft:furnace":1},"minecraft:killed_by":{"minecraft:player":1,"minecraft:skeleton":1}},"DataVersion":3120}