{"stats":{"minecraft:crafted":{"minecraft:crafting_table":1,"minecraft:spruce_planks":12,"minecraft:stick":16,"minecraft:wooden_pickaxe":1,"minecraft:wooden_axe":1},"minecraft:mined":{"minecraft:grass":1,"minecraft:spruce_leaves":1,"minecraft:spruce_log":6},"minecraft:picked_up":{"minecraft:spruce_log":6},"minecraft:custom":{"minecraft:time_since_rest":1724,"minecraft:crouch_one_cm":681,"minecraft:play_time":4288,"minecraft:sprint_one_cm":6144,"minecraft:walk_one_cm":8269,"minecraft:damage_taken":525,"minecraft:deaths":2,"minecraft:sneak_time":139,"minecraft:jump":102,"minecraft:damage_dealt":110,"minecraft:time_since_death":1699,"minecraft:total_world_time":4288,"minecraft:interact_with_crafting_table":1,"minecraft:fall_one_cm":2384,"minecraft:fly_one_cm":10119},"minecraft:used":{"minecraft:crafting_table":1},"minecraft:killed_by":{"minecraft:skeleton":1,"minecraft:player":1}},"DataVersion":3120}