{"stats":{"minecraft:dropped":{"minecraft:cobblestone":126,"minecraft:rotten_flesh":2,"minecraft:oak_planks":8,"minecraft:leather":14,"sophisticatedbackpacks:backpack":1,"minecraft:wooden_axe":1,"minecraft:raw_iron_block":5},"minecraft:killed":{"minecraft:zombie_villager":1,"minecraft:spider":4,"minecraft:creeper":2,"minecraft:sheep":1,"minecraft:zombie":10,"alexsmobs:terrapin":1,"minecraft:drowned":1,"alexsmobs:crow":1,"endofherobrine:cow":1,"minecraft:cow":11},"minecraft:mined":{"minecraft:mossy_cobblestone":2,"minecraft:crafting_table":5,"minecraft:torch":3,"minecraft:ladder":1,"minecraft:granite":42,"minecraft:grass_block":1,"minecraft:cobblestone":9,"minecraft:spruce_leaves":4,"minecraft:deepslate_gold_ore":4,"minecraft:sugar_cane":5,"minecraft:diorite":2,"minecraft:wall_torch":9,"minecraft:oak_trapdoor":1,"minecraft:iron_ore":16,"minecraft:cobbled_deepslate":11,"minecraft:fire":23,"minecraft:spruce_log":12,"minecraft:andesite":20,"minecraft:deepslate_lapis_ore":5,"quark:deepslate_furnace":8,"minecraft:grass":4,"minecraft:deepslate_iron_ore":11,"minecraft:coal_ore":52,"minecraft:oak_log":26,"minecraft:gravel":9,"minecraft:dirt":46,"minecraft:stone":241,"minecraft:oak_leaves":2,"minecraft:deepslate":130},"minecraft:crafted":{"minecraft:cooked_beef":14,"minecraft:oak_door":3,"minecraft:oak_planks":44,"minecraft:stone_shovel":1,"minecraft:crafting_table":4,"minecraft:spruce_planks":36,"minecraft:wooden_pickaxe":1,"minecraft:iron_helmet":1,"minecraft:furnace":1,"quark:deepslate_furnace":5,"minecraft:cooked_mutton":2,"minecraft:air":0,"minecraft:oak_trapdoor":2,"minecraft:iron_boots":1,"minecraft:iron_chestplate":1,"minecraft:charcoal":2,"minecraft:iron_axe":1,"minecraft:stick":16,"quark:oak_chest":1,"minecraft:iron_ingot":35,"minecraft:iron_pickaxe":2,"minecraft:stone_pickaxe":3,"minecraft:wooden_axe":1,"minecraft:iron_block":1,"minecraft:iron_leggings":1,"minecraft:gold_ingot":4,"minecraft:torch":36},"minecraft:picked_up":{"minecraft:wooden_axe":1,"minecraft:crafting_table":5,"minecraft:feather":1,"minecraft:ladder":1,"minecraft:andesite":20,"minecraft:brown_wool":1,"minecraft:leather":17,"minecraft:wooden_pickaxe":1,"minecraft:flint":3,"minecraft:oak_log":25,"minecraft:gunpowder":1,"minecraft:string":3,"minecraft:lapis_lazuli":35,"minecraft:dirt":47,"minecraft:bone":1,"minecraft:apple":1,"minecraft:wheat_seeds":1,"minecraft:cobbled_deepslate":141,"minecraft:raw_gold":4,"minecraft:beef":22,"minecraft:sugar_cane":10,"minecraft:oak_planks":1,"minecraft:stick":33,"minecraft:raw_iron":26,"minecraft:oak_door":1,"minecraft:gravel":3,"minecraft:torch":12,"sophisticatedbackpacks:backpack":2,"quark:deepslate_furnace":8,"minecraft:diorite":2,"minecraft:spruce_log":12,"minecraft:spider_eye":1,"minecraft:mossy_cobblestone":2,"minecraft:rotten_flesh":13,"minecraft:arrow":1,"minecraft:granite":42,"minecraft:bread":2,"minecraft:oak_sapling":2,"minecraft:mutton":2,"minecraft:coal":142,"minecraft:cobblestone":322,"minecraft:nautilus_shell":1},"minecraft:custom":{"minecraft:interact_with_furnace":81,"minecraft:mob_kills":34,"minecraft:interact_with_crafting_table":31,"minecraft:time_since_death":56308,"minecraft:climb_one_cm":3015,"minecraft:time_since_rest":56337,"minecraft:sprint_one_cm":128402,"minecraft:damage_taken":2010,"minecraft:walk_one_cm":142513,"minecraft:drop":19,"minecraft:damage_dealt":5563,"minecraft:swim_one_cm":19836,"minecraft:fly_one_cm":176710,"minecraft:open_chest":16,"minecraft:crouch_one_cm":28318,"minecraft:play_time":76288,"minecraft:deaths":4,"minecraft:sneak_time":12116,"minecraft:walk_under_water_one_cm":2514,"minecraft:boat_one_cm":78520,"minecraft:jump":1430,"minecraft:walk_on_water_one_cm":6029,"minecraft:total_world_time":76288,"minecraft:fall_one_cm":29625},"minecraft:broken":{"minecraft:stone_pickaxe":1,"minecraft:iron_pickaxe":1,"minecraft:wooden_axe":1},"minecraft:used":{"minecraft:oak_trapdoor":1,"minecraft:cooked_mutton":2,"minecraft:stone_shovel":49,"minecraft:stone_pickaxe":147,"minecraft:spruce_planks":9,"minecraft:wooden_pickaxe":24,"minecraft:rotten_flesh":9,"minecraft:oak_door":2,"minecraft:torch":22,"minecraft:dirt":5,"minecraft:crafting_table":8,"minecraft:granite":12,"minecraft:wooden_axe":59,"minecraft:apple":1,"quark:deepslate_furnace":10,"minecraft:iron_axe":82,"minecraft:bread":2,"minecraft:iron_pickaxe":399,"minecraft:cobblestone":24,"minecraft:furnace":1,"minecraft:andesite":1,"quark:oak_chest":1,"minecraft:cooked_beef":7,"minecraft:cobbled_deepslate":29,"minecraft:iron_leggings":1},"minecraft:killed_by":{"minecraft:player":1,"minecraft:skeleton":1,"minecraft:zombie":1}},"DataVersion":3120}