{"stats":{"minecraft:dropped":{"minecraft:iron_ingot":5,"minecraft:bread":7,"minecraft:iron_sword":1,"minecraft:cooked_beef":1,"minecraft:dripstone_block":2,"minecraft:feather":3,"minecraft:cobblestone":126,"minecraft:leather":14,"minecraft:torch":28,"minecraft:wooden_axe":1,"minecraft:raw_iron_block":5,"minecraft:string":2,"minecraft:white_wool":1,"minecraft:gravel":2,"alexsmobs:animal_dictionary":1,"minecraft:tuff":12,"minecraft:raw_iron":1,"minecraft:stone_shovel":1,"minecraft:rotten_flesh":4,"minecraft:oak_planks":8,"sophisticatedbackpacks:backpack":1,"minecraft:cooked_mutton":1},"minecraft:killed":{"minecraft:cave_spider":1,"alexsmobs:raccoon":1,"minecraft:spider":6,"quark:toretoise":1,"minecraft:skeleton":1,"minecraft:chicken":3,"minecraft:drowned":1,"minecraft:zombie_villager":1,"minecraft:creeper":2,"minecraft:sheep":2,"minecraft:zombie":17,"alexsmobs:terrapin":1,"alexsmobs:crow":1,"endofherobrine:cow":1,"minecraft:cow":13},"minecraft:mined":{"minecraft:tuff":11,"minecraft:mossy_cobblestone":2,"minecraft:deepslate_diamond_ore":3,"minecraft:granite":42,"minecraft:ladder":1,"minecraft:grass_block":1,"minecraft:spruce_leaves":4,"minecraft:oak_trapdoor":1,"minecraft:fire":23,"minecraft:iron_ore":30,"minecraft:cobbled_deepslate":17,"minecraft:andesite":20,"minecraft:pumpkin":3,"minecraft:deepslate_lapis_ore":5,"minecraft:pointed_dripstone":2,"minecraft:vine":1,"minecraft:deepslate_iron_ore":21,"minecraft:stone":247,"minecraft:crafting_table":6,"minecraft:torch":4,"minecraft:cobblestone":26,"minecraft:deepslate_coal_ore":1,"minecraft:deepslate_gold_ore":10,"minecraft:sugar_cane":5,"minecraft:diorite":2,"minecraft:wall_torch":9,"minecraft:spruce_log":12,"quark:deepslate_furnace":13,"minecraft:grass":4,"minecraft:oak_log":26,"minecraft:coal_ore":53,"minecraft:dripstone_block":2,"minecraft:gravel":20,"minecraft:dirt":52,"minecraft:cobweb":1,"minecraft:stone_bricks":1,"minecraft:mossy_stone_bricks":2,"minecraft:oak_leaves":2,"minecraft:deepslate":245},"minecraft:crafted":{"minecraft:oak_door":3,"minecraft:oak_planks":56,"minecraft:stone_shovel":1,"minecraft:cooked_chicken":2,"minecraft:furnace":1,"quark:deepslate_furnace":13,"minecraft:cooked_mutton":3,"minecraft:oak_trapdoor":2,"minecraft:flint_and_steel":1,"minecraft:iron_boots":1,"minecraft:iron_axe":1,"minecraft:stone_pickaxe":3,"minecraft:cooked_beef":18,"minecraft:crafting_table":5,"minecraft:spruce_planks":36,"minecraft:wooden_pickaxe":1,"minecraft:iron_helmet":1,"minecraft:iron_sword":1,"minecraft:air":0,"minecraft:iron_chestplate":1,"minecraft:charcoal":2,"minecraft:shield":1,"minecraft:stick":16,"quark:oak_chest":1,"minecraft:wooden_axe":1,"minecraft:iron_ingot":42,"minecraft:iron_pickaxe":3,"minecraft:iron_block":1,"minecraft:gold_ingot":4,"minecraft:iron_leggings":1,"minecraft:torch":112},"minecraft:picked_up":{"minecraft:wooden_axe":2,"minecraft:crafting_table":7,"minecraft:chicken":2,"minecraft:ladder":1,"minecraft:wooden_pickaxe":2,"minecraft:string":4,"minecraft:cobbled_deepslate":275,"minecraft:beef":23,"minecraft:sugar_cane":10,"minecraft:egg":2,"minecraft:stick":33,"minecraft:raw_iron":53,"minecraft:oak_door":1,"minecraft:torch":26,"sophisticatedbackpacks:backpack":3,"quark:deepslate_furnace":12,"minecraft:pointed_dripstone":3,"minecraft:diorite":2,"minecraft:arrow":1,"minecraft:rotten_flesh":15,"minecraft:mutton":3,"minecraft:bone_block":14,"minecraft:white_wool":1,"minecraft:cobblestone":343,"minecraft:nautilus_shell":1,"minecraft:feather":4,"minecraft:andesite":20,"minecraft:leather":19,"minecraft:brown_wool":1,"minecraft:flint":3,"minecraft:tuff":24,"minecraft:oak_log":82,"minecraft:gunpowder":9,"minecraft:lapis_lazuli":60,"minecraft:dirt":57,"minecraft:bone":1,"minecraft:apple":1,"minecraft:wheat_seeds":1,"minecraft:raw_gold":10,"minecraft:iron_ingot":5,"minecraft:cobweb":8,"minecraft:iron_sword":1,"minecraft:oak_planks":1,"minecraft:pumpkin":3,"minecraft:dripstone_block":3,"minecraft:gravel":13,"minecraft:spruce_log":12,"minecraft:spider_eye":2,"minecraft:mossy_cobblestone":2,"minecraft:diamond":3,"minecraft:granite":42,"minecraft:bread":88,"minecraft:oak_sapling":2,"minecraft:coal":188},"minecraft:custom":{"minecraft:mob_kills":53,"minecraft:interact_with_crafting_table":40,"minecraft:open_barrel":4,"minecraft:time_since_death":21712,"minecraft:climb_one_cm":3660,"minecraft:sprint_one_cm":257994,"minecraft:walk_one_cm":231575,"minecraft:drop":47,"minecraft:play_time":118288,"minecraft:sneak_time":16582,"minecraft:deaths":5,"minecraft:walk_under_water_one_cm":3047,"minecraft:boat_one_cm":78520,"minecraft:jump":2537,"minecraft:walk_on_water_one_cm":10546,"minecraft:total_world_time":118288,"minecraft:interact_with_furnace":126,"minecraft:time_since_rest":21785,"minecraft:damage_taken":3387,"minecraft:damage_dealt":9188,"minecraft:player_kills":1,"minecraft:swim_one_cm":26450,"minecraft:fly_one_cm":393197,"minecraft:open_chest":22,"minecraft:crouch_one_cm":39845,"minecraft:fall_one_cm":66398},"minecraft:broken":{"minecraft:stone_pickaxe":1,"minecraft:iron_pickaxe":2,"minecraft:wooden_axe":1},"minecraft:used":{"minecraft:oak_trapdoor":1,"minecraft:stone_shovel":63,"minecraft:spruce_planks":9,"minecraft:iron_sword":47,"minecraft:cooked_chicken":2,"minecraft:rotten_flesh":9,"minecraft:oak_door":2,"minecraft:torch":66,"minecraft:dirt":5,"minecraft:granite":12,"minecraft:wooden_axe":59,"quark:deepslate_furnace":16,"minecraft:iron_axe":101,"minecraft:furnace":1,"minecraft:egg":2,"minecraft:cooked_beef":10,"minecraft:cobbled_deepslate":33,"minecraft:iron_leggings":1,"minecraft:cooked_mutton":2,"minecraft:stone_pickaxe":152,"minecraft:wooden_pickaxe":24,"minecraft:crafting_table":11,"minecraft:dripstone_block":1,"minecraft:apple":1,"minecraft:bread":21,"minecraft:iron_pickaxe":601,"minecraft:gravel":11,"minecraft:cobblestone":141,"minecraft:andesite":1,"quark:oak_chest":1},"minecraft:killed_by":{"minecraft:player":1,"minecraft:creeper":1,"minecraft:skeleton":1,"minecraft:zombie":1}},"DataVersion":3120}