{"stats":{"minecraft:dropped":{"minecraft:wooden_axe":1,"minecraft:raw_iron_block":5},"minecraft:killed":{"minecraft:zombie":1,"minecraft:drowned":1,"alexsmobs:crow":1,"minecraft:cow":10},"minecraft:mined":{"minecraft:mossy_cobblestone":2,"minecraft:crafting_table":2,"minecraft:torch":1,"minecraft:ladder":1,"minecraft:granite":22,"minecraft:grass_block":1,"minecraft:cobblestone":7,"minecraft:spruce_leaves":4,"minecraft:wall_torch":1,"minecraft:oak_trapdoor":1,"minecraft:cobbled_deepslate":6,"minecraft:fire":23,"minecraft:spruce_log":12,"minecraft:andesite":18,"minecraft:deepslate_lapis_ore":5,"quark:deepslate_furnace":2,"minecraft:grass":2,"minecraft:coal_ore":27,"minecraft:oak_log":22,"minecraft:dirt":46,"minecraft:stone":134,"minecraft:deepslate":85},"minecraft:crafted":{"minecraft:cooked_beef":14,"minecraft:oak_door":3,"minecraft:oak_planks":36,"minecraft:stone_shovel":1,"minecraft:crafting_table":4,"minecraft:spruce_planks":36,"minecraft:wooden_pickaxe":1,"minecraft:furnace":1,"quark:deepslate_furnace":2,"minecraft:air":0,"minecraft:oak_trapdoor":2,"minecraft:charcoal":2,"minecraft:iron_axe":1,"minecraft:stick":16,"quark:oak_chest":1,"minecraft:iron_ingot":9,"minecraft:iron_pickaxe":1,"minecraft:stone_pickaxe":3,"minecraft:wooden_axe":1,"minecraft:iron_block":1,"minecraft:torch":4},"minecraft:picked_up":{"minecraft:wooden_axe":1,"minecraft:crafting_table":2,"minecraft:feather":1,"minecraft:ladder":1,"minecraft:andesite":18,"minecraft:leather":14,"minecraft:wooden_pickaxe":1,"minecraft:oak_log":21,"minecraft:lapis_lazuli":35,"minecraft:dirt":47,"minecraft:bone":1,"minecraft:wheat_seeds":1,"minecraft:cobbled_deepslate":91,"minecraft:beef":19,"minecraft:oak_planks":1,"minecraft:stick":31,"minecraft:oak_door":1,"minecraft:torch":2,"quark:deepslate_furnace":2,"minecraft:spruce_log":12,"minecraft:mossy_cobblestone":2,"minecraft:rotten_flesh":2,"minecraft:arrow":1,"minecraft:granite":22,"minecraft:bread":2,"minecraft:coal":27,"minecraft:cobblestone":141,"minecraft:nautilus_shell":1},"minecraft:custom":{"minecraft:interact_with_furnace":31,"minecraft:mob_kills":14,"minecraft:interact_with_crafting_table":15,"minecraft:time_since_death":20308,"minecraft:climb_one_cm":2831,"minecraft:time_since_rest":20337,"minecraft:sprint_one_cm":69575,"minecraft:damage_taken":1075,"minecraft:walk_one_cm":65072,"minecraft:drop":2,"minecraft:damage_dealt":1798,"minecraft:swim_one_cm":9198,"minecraft:fly_one_cm":84956,"minecraft:open_chest":7,"minecraft:crouch_one_cm":14682,"minecraft:play_time":40288,"minecraft:deaths":4,"minecraft:sneak_time":7643,"minecraft:walk_under_water_one_cm":1398,"minecraft:boat_one_cm":78520,"minecraft:jump":744,"minecraft:walk_on_water_one_cm":2295,"minecraft:total_world_time":40288,"minecraft:fall_one_cm":13122},"minecraft:broken":{"minecraft:wooden_axe":1},"minecraft:used":{"minecraft:oak_trapdoor":1,"minecraft:stone_shovel":40,"minecraft:stone_pickaxe":127,"minecraft:spruce_planks":9,"minecraft:wooden_pickaxe":24,"minecraft:oak_door":2,"minecraft:torch":5,"minecraft:dirt":5,"minecraft:crafting_table":5,"minecraft:granite":9,"minecraft:wooden_axe":59,"quark:deepslate_furnace":2,"minecraft:iron_axe":13,"minecraft:bread":2,"minecraft:iron_pickaxe":173,"minecraft:furnace":1,"quark:oak_chest":1,"minecraft:cooked_beef":1,"minecraft:cobbled_deepslate":6},"minecraft:killed_by":{"minecraft:player":1,"minecraft:skeleton":1,"minecraft:zombie":1}},"DataVersion":3120}