{"stats":{"minecraft:dropped":{"minecraft:iron_ingot":3,"minecraft:cooked_beef":1,"minecraft:cobblestone":126,"minecraft:rotten_flesh":3,"minecraft:oak_planks":8,"minecraft:leather":14,"sophisticatedbackpacks:backpack":1,"minecraft:torch":13,"minecraft:wooden_axe":1,"minecraft:raw_iron_block":5},"minecraft:killed":{"minecraft:zombie_villager":1,"alexsmobs:raccoon":1,"minecraft:spider":4,"minecraft:creeper":2,"minecraft:sheep":2,"minecraft:zombie":11,"alexsmobs:terrapin":1,"minecraft:chicken":3,"minecraft:drowned":1,"alexsmobs:crow":1,"endofherobrine:cow":1,"minecraft:cow":13},"minecraft:mined":{"minecraft:mossy_cobblestone":2,"minecraft:crafting_table":5,"minecraft:torch":3,"minecraft:ladder":1,"minecraft:granite":42,"minecraft:grass_block":1,"minecraft:cobblestone":21,"minecraft:deepslate_coal_ore":1,"minecraft:spruce_leaves":4,"minecraft:deepslate_gold_ore":4,"minecraft:sugar_cane":5,"minecraft:diorite":2,"minecraft:wall_torch":9,"minecraft:oak_trapdoor":1,"minecraft:iron_ore":30,"minecraft:cobbled_deepslate":15,"minecraft:fire":23,"minecraft:spruce_log":12,"minecraft:andesite":20,"minecraft:pumpkin":3,"minecraft:deepslate_lapis_ore":5,"quark:deepslate_furnace":12,"minecraft:grass":4,"minecraft:deepslate_iron_ore":11,"minecraft:coal_ore":53,"minecraft:oak_log":26,"minecraft:gravel":9,"minecraft:dirt":52,"minecraft:stone":247,"minecraft:oak_leaves":2,"minecraft:deepslate":133},"minecraft:crafted":{"minecraft:cooked_beef":18,"minecraft:oak_door":3,"minecraft:oak_planks":44,"minecraft:stone_shovel":1,"minecraft:crafting_table":4,"minecraft:spruce_planks":36,"minecraft:cooked_chicken":2,"minecraft:wooden_pickaxe":1,"minecraft:iron_helmet":1,"minecraft:furnace":1,"quark:deepslate_furnace":13,"minecraft:cooked_mutton":2,"minecraft:air":0,"minecraft:oak_trapdoor":2,"minecraft:flint_and_steel":1,"minecraft:iron_boots":1,"minecraft:iron_chestplate":1,"minecraft:charcoal":2,"minecraft:iron_axe":1,"minecraft:stick":16,"quark:oak_chest":1,"minecraft:iron_ingot":40,"minecraft:iron_pickaxe":3,"minecraft:stone_pickaxe":3,"minecraft:wooden_axe":1,"minecraft:iron_block":1,"minecraft:iron_leggings":1,"minecraft:gold_ingot":4,"minecraft:torch":36},"minecraft:picked_up":{"minecraft:wooden_axe":1,"minecraft:crafting_table":5,"minecraft:feather":4,"minecraft:chicken":2,"minecraft:ladder":1,"minecraft:andesite":20,"minecraft:brown_wool":1,"minecraft:leather":19,"minecraft:wooden_pickaxe":1,"minecraft:flint":3,"minecraft:oak_log":25,"minecraft:gunpowder":1,"minecraft:string":3,"minecraft:lapis_lazuli":35,"minecraft:dirt":53,"minecraft:bone":1,"minecraft:apple":1,"minecraft:wheat_seeds":1,"minecraft:cobbled_deepslate":148,"minecraft:raw_gold":4,"minecraft:beef":23,"minecraft:sugar_cane":10,"minecraft:oak_planks":1,"minecraft:egg":2,"minecraft:stick":33,"minecraft:raw_iron":40,"minecraft:pumpkin":3,"minecraft:oak_door":1,"minecraft:gravel":3,"minecraft:torch":14,"sophisticatedbackpacks:backpack":2,"quark:deepslate_furnace":10,"minecraft:diorite":2,"minecraft:spruce_log":12,"minecraft:spider_eye":1,"minecraft:mossy_cobblestone":2,"minecraft:rotten_flesh":14,"minecraft:arrow":1,"minecraft:granite":42,"minecraft:bread":2,"minecraft:oak_sapling":2,"minecraft:mutton":3,"minecraft:coal":150,"minecraft:white_wool":1,"minecraft:cobblestone":338,"minecraft:nautilus_shell":1},"minecraft:custom":{"minecraft:interact_with_furnace":116,"minecraft:mob_kills":42,"minecraft:open_barrel":4,"minecraft:interact_with_crafting_table":36,"minecraft:time_since_death":68308,"minecraft:climb_one_cm":3015,"minecraft:time_since_rest":68337,"minecraft:sprint_one_cm":167792,"minecraft:damage_taken":2162,"minecraft:walk_one_cm":163710,"minecraft:drop":23,"minecraft:damage_dealt":6253,"minecraft:swim_one_cm":26450,"minecraft:fly_one_cm":236994,"minecraft:open_chest":22,"minecraft:crouch_one_cm":32707,"minecraft:play_time":88288,"minecraft:deaths":4,"minecraft:sneak_time":13018,"minecraft:walk_under_water_one_cm":3047,"minecraft:boat_one_cm":78520,"minecraft:jump":1726,"minecraft:walk_on_water_one_cm":8854,"minecraft:total_world_time":88288,"minecraft:fall_one_cm":38793},"minecraft:broken":{"minecraft:stone_pickaxe":1,"minecraft:iron_pickaxe":1,"minecraft:wooden_axe":1},"minecraft:used":{"minecraft:oak_trapdoor":1,"minecraft:cooked_mutton":2,"minecraft:stone_shovel":54,"minecraft:stone_pickaxe":151,"minecraft:spruce_planks":9,"minecraft:wooden_pickaxe":24,"minecraft:rotten_flesh":9,"minecraft:oak_door":2,"minecraft:torch":23,"minecraft:dirt":5,"minecraft:crafting_table":9,"minecraft:granite":12,"minecraft:wooden_axe":59,"minecraft:apple":1,"quark:deepslate_furnace":15,"minecraft:iron_axe":96,"minecraft:bread":2,"minecraft:iron_pickaxe":441,"minecraft:cobblestone":95,"minecraft:furnace":1,"minecraft:andesite":1,"minecraft:egg":2,"quark:oak_chest":1,"minecraft:cooked_beef":10,"minecraft:cobbled_deepslate":29,"minecraft:iron_leggings":1},"minecraft:killed_by":{"minecraft:player":1,"minecraft:skeleton":1,"minecraft:zombie":1}},"DataVersion":3120}