{"stats":{"minecraft:dropped":{"minecraft:cobblestone":126,"minecraft:oak_planks":8,"minecraft:leather":14,"sophisticatedbackpacks:backpack":1,"minecraft:wooden_axe":1,"minecraft:raw_iron_block":5},"minecraft:killed":{"minecraft:zombie_villager":1,"minecraft:spider":1,"minecraft:zombie":2,"alexsmobs:terrapin":1,"minecraft:drowned":1,"alexsmobs:crow":1,"minecraft:cow":10},"minecraft:mined":{"minecraft:mossy_cobblestone":2,"minecraft:crafting_table":2,"minecraft:torch":1,"minecraft:ladder":1,"minecraft:granite":24,"minecraft:grass_block":1,"minecraft:cobblestone":9,"minecraft:spruce_leaves":4,"minecraft:wall_torch":2,"minecraft:oak_trapdoor":1,"minecraft:cobbled_deepslate":6,"minecraft:fire":23,"minecraft:spruce_log":12,"minecraft:andesite":18,"minecraft:deepslate_lapis_ore":5,"quark:deepslate_furnace":2,"minecraft:grass":3,"minecraft:coal_ore":27,"minecraft:oak_log":26,"minecraft:dirt":46,"minecraft:stone":134,"minecraft:oak_leaves":2,"minecraft:deepslate":85},"minecraft:crafted":{"minecraft:cooked_beef":14,"minecraft:oak_door":3,"minecraft:oak_planks":44,"minecraft:stone_shovel":1,"minecraft:crafting_table":4,"minecraft:spruce_planks":36,"minecraft:wooden_pickaxe":1,"minecraft:furnace":1,"quark:deepslate_furnace":2,"minecraft:air":0,"minecraft:oak_trapdoor":2,"minecraft:charcoal":2,"minecraft:iron_axe":1,"minecraft:stick":16,"quark:oak_chest":1,"minecraft:iron_ingot":9,"minecraft:iron_pickaxe":1,"minecraft:stone_pickaxe":3,"minecraft:wooden_axe":1,"minecraft:iron_block":1,"minecraft:torch":36},"minecraft:picked_up":{"minecraft:wooden_axe":1,"minecraft:crafting_table":2,"minecraft:feather":1,"minecraft:ladder":1,"minecraft:andesite":18,"minecraft:leather":14,"minecraft:wooden_pickaxe":1,"minecraft:oak_log":25,"minecraft:lapis_lazuli":35,"minecraft:dirt":47,"minecraft:bone":1,"minecraft:apple":1,"minecraft:wheat_seeds":1,"minecraft:cobbled_deepslate":91,"minecraft:beef":19,"minecraft:oak_planks":1,"minecraft:stick":33,"minecraft:oak_door":1,"minecraft:torch":3,"sophisticatedbackpacks:backpack":2,"quark:deepslate_furnace":2,"minecraft:spruce_log":12,"minecraft:mossy_cobblestone":2,"minecraft:rotten_flesh":6,"minecraft:arrow":1,"minecraft:granite":24,"minecraft:bread":2,"minecraft:oak_sapling":2,"minecraft:coal":27,"minecraft:cobblestone":208,"minecraft:nautilus_shell":1},"minecraft:custom":{"minecraft:interact_with_furnace":38,"minecraft:mob_kills":18,"minecraft:interact_with_crafting_table":18,"minecraft:time_since_death":32308,"minecraft:climb_one_cm":2831,"minecraft:time_since_rest":32337,"minecraft:sprint_one_cm":84360,"minecraft:damage_taken":1270,"minecraft:walk_one_cm":98424,"minecraft:drop":18,"minecraft:damage_dealt":2388,"minecraft:swim_one_cm":16709,"minecraft:fly_one_cm":108279,"minecraft:open_chest":16,"minecraft:crouch_one_cm":16899,"minecraft:play_time":52288,"minecraft:deaths":4,"minecraft:sneak_time":8149,"minecraft:walk_under_water_one_cm":2057,"minecraft:boat_one_cm":78520,"minecraft:jump":976,"minecraft:walk_on_water_one_cm":4595,"minecraft:total_world_time":52288,"minecraft:fall_one_cm":17387},"minecraft:broken":{"minecraft:stone_pickaxe":1,"minecraft:wooden_axe":1},"minecraft:used":{"minecraft:oak_trapdoor":1,"minecraft:stone_shovel":40,"minecraft:stone_pickaxe":131,"minecraft:spruce_planks":9,"minecraft:wooden_pickaxe":24,"minecraft:oak_door":2,"minecraft:torch":8,"minecraft:dirt":5,"minecraft:crafting_table":5,"minecraft:granite":12,"minecraft:wooden_axe":59,"quark:deepslate_furnace":4,"minecraft:iron_axe":29,"minecraft:bread":2,"minecraft:iron_pickaxe":173,"minecraft:furnace":1,"minecraft:andesite":1,"quark:oak_chest":1,"minecraft:cooked_beef":3,"minecraft:cobbled_deepslate":6},"minecraft:killed_by":{"minecraft:player":1,"minecraft:skeleton":1,"minecraft:zombie":1}},"DataVersion":3120}