{"stats":{"minecraft:dropped":{"minecraft:wooden_axe":1,"minecraft:raw_iron_block":5},"minecraft:killed":{"minecraft:zombie":1,"alexsmobs:crow":1,"minecraft:cow":7},"minecraft:mined":{"minecraft:mossy_cobblestone":2,"minecraft:crafting_table":1,"minecraft:ladder":1,"minecraft:granite":14,"minecraft:grass_block":1,"minecraft:cobblestone":7,"minecraft:spruce_leaves":4,"minecraft:oak_trapdoor":1,"minecraft:fire":23,"minecraft:spruce_log":12,"minecraft:andesite":18,"minecraft:grass":2,"minecraft:oak_log":22,"minecraft:dirt":46,"minecraft:stone":72},"minecraft:crafted":{"minecraft:cooked_beef":7,"minecraft:oak_door":3,"minecraft:oak_planks":36,"minecraft:stone_shovel":1,"minecraft:crafting_table":3,"minecraft:spruce_planks":36,"minecraft:wooden_pickaxe":1,"minecraft:furnace":1,"minecraft:air":0,"minecraft:oak_trapdoor":2,"minecraft:charcoal":2,"minecraft:iron_axe":1,"minecraft:stick":16,"quark:oak_chest":1,"minecraft:iron_ingot":9,"minecraft:iron_pickaxe":1,"minecraft:stone_pickaxe":3,"minecraft:wooden_axe":1,"minecraft:iron_block":1,"minecraft:torch":4},"minecraft:picked_up":{"minecraft:wooden_axe":1,"minecraft:crafting_table":1,"minecraft:feather":1,"minecraft:ladder":1,"minecraft:andesite":18,"minecraft:leather":8,"minecraft:wooden_pickaxe":1,"minecraft:oak_log":21,"minecraft:dirt":47,"minecraft:bone":1,"minecraft:wheat_seeds":1,"minecraft:beef":12,"minecraft:stick":31,"minecraft:oak_door":1,"minecraft:spruce_log":12,"minecraft:mossy_cobblestone":2,"minecraft:arrow":1,"minecraft:granite":14,"minecraft:bread":2,"minecraft:cobblestone":77},"minecraft:custom":{"minecraft:interact_with_furnace":16,"minecraft:mob_kills":10,"minecraft:interact_with_crafting_table":13,"minecraft:time_since_death":8308,"minecraft:climb_one_cm":2831,"minecraft:time_since_rest":8337,"minecraft:sprint_one_cm":41937,"minecraft:damage_taken":1075,"minecraft:walk_one_cm":54222,"minecraft:drop":2,"minecraft:damage_dealt":1298,"minecraft:swim_one_cm":1872,"minecraft:fly_one_cm":54180,"minecraft:open_chest":6,"minecraft:crouch_one_cm":7376,"minecraft:play_time":28288,"minecraft:deaths":4,"minecraft:sneak_time":3074,"minecraft:walk_under_water_one_cm":99,"minecraft:boat_one_cm":78520,"minecraft:jump":505,"minecraft:walk_on_water_one_cm":1475,"minecraft:total_world_time":28288,"minecraft:fall_one_cm":8913},"minecraft:broken":{"minecraft:wooden_axe":1},"minecraft:used":{"minecraft:oak_trapdoor":1,"minecraft:stone_shovel":40,"minecraft:spruce_planks":9,"minecraft:wooden_pickaxe":24,"minecraft:oak_door":2,"minecraft:torch":1,"minecraft:dirt":5,"minecraft:crafting_table":4,"minecraft:wooden_axe":59,"minecraft:iron_axe":3,"minecraft:bread":2,"minecraft:iron_pickaxe":105,"minecraft:furnace":1,"quark:oak_chest":1},"minecraft:killed_by":{"minecraft:player":1,"minecraft:skeleton":1,"minecraft:zombie":1}},"DataVersion":3120}