{"stats":{"minecraft:dropped":{"minecraft:bread":2,"minecraft:wheat_seeds":1,"sophisticatedbackpacks:backpack":1,"minecraft:stick":31,"minecraft:wooden_axe":1,"minecraft:wooden_pickaxe":2},"minecraft:killed":{"minecraft:zombie_villager":1,"minecraft:spider":2},"minecraft:crafted":{"minecraft:oak_planks":8,"sophisticatedbackpacks:backpack":2,"minecraft:crafting_table":3,"minecraft:spruce_planks":64,"minecraft:wooden_pickaxe":1,"minecraft:furnace":1,"minecraft:air":0,"minecraft:stick":136,"quark:oak_chest":1,"minecraft:iron_ingot":9,"minecraft:stone_pickaxe":1,"minecraft:wooden_axe":1,"minecraft:stone_sword":1,"minecraft:iron_block":2,"minecraft:iron_leggings":1,"minecraft:spruce_boat":2,"quark:spruce_chest":1},"minecraft:mined":{"minecraft:spruce_planks":1,"minecraft:smoker":1,"minecraft:crafting_table":2,"minecraft:grass_block":2,"minecraft:cobblestone":11,"minecraft:spruce_leaves":7,"minecraft:raw_iron_block":7,"minecraft:fire":16,"minecraft:spruce_log":33,"minecraft:grass":2,"minecraft:oak_log":9,"minecraft:dirt":1,"minecraft:stone":2},"minecraft:picked_up":{"minecraft:wooden_axe":1,"minecraft:crafting_table":2,"minecraft:feather":1,"minecraft:ladder":3,"minecraft:smoker":1,"minecraft:wooden_pickaxe":1,"minecraft:oak_log":11,"minecraft:oak_trapdoor":1,"minecraft:string":2,"minecraft:dirt":29,"minecraft:wheat_seeds":1,"minecraft:spruce_planks":33,"minecraft:spruce_slab":1,"minecraft:stick":35,"minecraft:torch":1,"minecraft:raw_iron_block":12,"sophisticatedbackpacks:backpack":1,"minecraft:spruce_sapling":12,"minecraft:spruce_log":32,"alexsmobs:animal_dictionary":1,"minecraft:spider_eye":1,"minecraft:rotten_flesh":1,"minecraft:cobblestone":19},"minecraft:custom":{"minecraft:interact_with_furnace":24,"minecraft:mob_kills":2,"minecraft:interact_with_crafting_table":16,"minecraft:leave_game":2,"minecraft:time_since_death":5212,"minecraft:climb_one_cm":3583,"minecraft:time_since_rest":5238,"minecraft:sprint_one_cm":32909,"minecraft:damage_taken":1212,"minecraft:walk_one_cm":57593,"minecraft:drop":8,"minecraft:damage_dealt":409,"minecraft:fly_one_cm":20870,"minecraft:player_kills":1,"minecraft:open_chest":1,"minecraft:crouch_one_cm":951,"minecraft:play_time":27823,"minecraft:deaths":3,"minecraft:sneak_time":521,"minecraft:walk_under_water_one_cm":278,"minecraft:boat_one_cm":55687,"minecraft:jump":265,"minecraft:walk_on_water_one_cm":605,"minecraft:total_world_time":27823,"minecraft:fall_one_cm":6779},"minecraft:used":{"minecraft:oak_trapdoor":1,"minecraft:stone_sword":7,"minecraft:stone_pickaxe":7,"minecraft:spruce_planks":7,"minecraft:wooden_pickaxe":14,"minecraft:dirt":3,"minecraft:crafting_table":4,"minecraft:spruce_boat":2,"minecraft:wooden_axe":44,"minecraft:bread":1,"minecraft:cobblestone":1,"minecraft:furnace":1,"alexsmobs:animal_dictionary":1,"minecraft:cooked_beef":2,"minecraft:iron_leggings":1},"minecraft:killed_by":{"minecraft:zombie_villager":1,"minecraft:skeleton":1}},"DataVersion":3120}