{"stats":{"minecraft:dropped":{"minecraft:bread":2,"minecraft:wheat_seeds":1,"sophisticatedbackpacks:backpack":2,"minecraft:stick":31,"minecraft:wooden_axe":1,"minecraft:wooden_pickaxe":2},"minecraft:killed":{"minecraft:zombie_villager":1,"minecraft:spider":4,"minecraft:zombie":2},"minecraft:crafted":{"minecraft:oak_planks":8,"sophisticatedbackpacks:backpack":3,"minecraft:crafting_table":4,"minecraft:spruce_planks":76,"minecraft:iron_helmet":1,"minecraft:wooden_pickaxe":1,"minecraft:furnace":2,"minecraft:air":0,"minecraft:iron_chestplate":1,"minecraft:iron_boots":1,"minecraft:shield":1,"minecraft:iron_axe":1,"minecraft:stick":136,"quark:oak_chest":2,"minecraft:iron_pickaxe":1,"minecraft:iron_ingot":42,"minecraft:stone_pickaxe":1,"minecraft:wooden_axe":1,"minecraft:stone_sword":1,"minecraft:iron_block":4,"minecraft:iron_leggings":2,"minecraft:spruce_boat":3,"quark:spruce_chest":1},"minecraft:mined":{"minecraft:spruce_planks":1,"minecraft:smoker":1,"minecraft:crafting_table":3,"minecraft:torch":1,"minecraft:granite":2,"minecraft:grass_block":2,"minecraft:cobblestone":15,"minecraft:spruce_leaves":7,"minecraft:diorite":3,"minecraft:raw_iron_block":8,"minecraft:furnace":1,"minecraft:iron_ore":6,"minecraft:fire":16,"minecraft:spruce_log":36,"minecraft:andesite":1,"minecraft:grass":2,"minecraft:coal_ore":13,"minecraft:oak_log":9,"minecraft:dirt":3,"minecraft:stone":18,"sophisticatedbackpacks:backpack":1},"minecraft:picked_up":{"minecraft:wooden_axe":1,"minecraft:crafting_table":3,"minecraft:feather":1,"minecraft:ladder":3,"minecraft:andesite":1,"minecraft:leather":14,"minecraft:smoker":1,"minecraft:wooden_pickaxe":1,"minecraft:oak_log":11,"minecraft:oak_trapdoor":1,"minecraft:string":4,"minecraft:dirt":31,"minecraft:wheat_seeds":1,"minecraft:spruce_planks":33,"minecraft:spruce_slab":1,"minecraft:oak_planks":8,"minecraft:furnace":1,"minecraft:stick":35,"minecraft:raw_iron":6,"minecraft:torch":2,"minecraft:raw_iron_block":13,"sophisticatedbackpacks:backpack":2,"minecraft:spruce_sapling":12,"minecraft:diorite":3,"minecraft:spruce_log":35,"minecraft:spider_eye":2,"alexsmobs:animal_dictionary":1,"minecraft:rotten_flesh":1,"minecraft:granite":2,"minecraft:coal":13,"minecraft:cobblestone":100},"minecraft:custom":{"minecraft:interact_with_furnace":51,"minecraft:mob_kills":6,"minecraft:interact_with_crafting_table":27,"minecraft:leave_game":2,"minecraft:time_since_death":15466,"minecraft:climb_one_cm":3882,"minecraft:time_since_rest":15497,"minecraft:sprint_one_cm":76216,"minecraft:damage_taken":1729,"minecraft:walk_one_cm":90553,"minecraft:damage_blocked_by_shield":90,"minecraft:drop":9,"minecraft:damage_dealt":1480,"minecraft:swim_one_cm":13278,"minecraft:fly_one_cm":53389,"minecraft:player_kills":1,"minecraft:open_chest":4,"minecraft:crouch_one_cm":3411,"minecraft:play_time":44751,"minecraft:deaths":4,"minecraft:sneak_time":1078,"minecraft:walk_under_water_one_cm":4066,"minecraft:boat_one_cm":67079,"minecraft:jump":461,"minecraft:walk_on_water_one_cm":4786,"minecraft:total_world_time":44751,"minecraft:fall_one_cm":11309},"minecraft:used":{"minecraft:oak_trapdoor":1,"minecraft:stone_sword":28,"minecraft:spruce_slab":1,"minecraft:stone_pickaxe":7,"minecraft:ladder":3,"minecraft:shield":3,"minecraft:spruce_planks":7,"minecraft:wooden_pickaxe":14,"minecraft:iron_chestplate":1,"minecraft:torch":1,"minecraft:dirt":4,"minecraft:crafting_table":6,"minecraft:spruce_boat":3,"minecraft:wooden_axe":44,"sophisticatedbackpacks:backpack":1,"minecraft:iron_axe":3,"minecraft:bread":1,"minecraft:iron_pickaxe":48,"minecraft:iron_helmet":1,"minecraft:iron_boots":1,"minecraft:cobblestone":12,"minecraft:furnace":2,"minecraft:andesite":1,"alexsmobs:animal_dictionary":1,"minecraft:cooked_beef":6,"minecraft:iron_leggings":1},"minecraft:killed_by":{"endofherobrine:cow":1,"minecraft:zombie_villager":1,"minecraft:skeleton":1}},"DataVersion":3120}