{"stats":{"minecraft:dropped":{"minecraft:bread":2,"minecraft:wheat_seeds":1,"sophisticatedbackpacks:backpack":2,"minecraft:stick":31,"minecraft:wooden_axe":1,"minecraft:wooden_pickaxe":2},"minecraft:killed":{"minecraft:cave_spider":2,"minecraft:zombie_villager":1,"minecraft:spider":6,"minecraft:zombie":7},"minecraft:crafted":{"minecraft:oak_planks":8,"sophisticatedbackpacks:backpack":3,"minecraft:crafting_table":4,"minecraft:spruce_planks":76,"minecraft:iron_helmet":1,"minecraft:wooden_pickaxe":1,"minecraft:furnace":2,"minecraft:air":0,"minecraft:iron_chestplate":1,"minecraft:iron_boots":1,"minecraft:shield":1,"minecraft:iron_axe":1,"minecraft:stick":136,"quark:oak_chest":2,"minecraft:iron_pickaxe":1,"minecraft:iron_ingot":42,"minecraft:stone_pickaxe":1,"minecraft:wooden_axe":1,"minecraft:stone_sword":1,"minecraft:iron_block":4,"minecraft:iron_leggings":2,"minecraft:spruce_boat":3,"quark:spruce_chest":1},"minecraft:mined":{"minecraft:spruce_planks":1,"minecraft:deepslate_diamond_ore":2,"minecraft:smoker":1,"minecraft:crafting_table":3,"minecraft:torch":3,"minecraft:granite":2,"minecraft:grass_block":2,"minecraft:copper_ore":1,"minecraft:cobblestone":15,"minecraft:spruce_leaves":7,"minecraft:deepslate_gold_ore":5,"minecraft:lapis_ore":2,"minecraft:diorite":3,"minecraft:redstone_ore":1,"minecraft:raw_iron_block":8,"minecraft:furnace":1,"minecraft:iron_ore":16,"minecraft:cobbled_deepslate":6,"minecraft:fire":16,"minecraft:spruce_log":36,"minecraft:andesite":1,"minecraft:grass":2,"minecraft:coal_ore":13,"minecraft:oak_log":9,"minecraft:dirt":3,"minecraft:cobweb":21,"minecraft:stone":21,"sophisticatedbackpacks:backpack":1,"minecraft:deepslate":15},"minecraft:picked_up":{"minecraft:wooden_axe":1,"minecraft:crafting_table":3,"minecraft:feather":1,"minecraft:ladder":3,"minecraft:andesite":1,"minecraft:leather":14,"minecraft:smoker":1,"minecraft:wooden_pickaxe":1,"minecraft:oak_log":11,"minecraft:lapis_lazuli":10,"minecraft:oak_trapdoor":1,"minecraft:string":27,"minecraft:dirt":31,"minecraft:raw_copper":2,"minecraft:wheat_seeds":1,"minecraft:cobbled_deepslate":21,"minecraft:raw_gold":5,"minecraft:spruce_planks":33,"minecraft:spruce_slab":1,"minecraft:oak_planks":8,"minecraft:furnace":1,"minecraft:stick":35,"minecraft:raw_iron":16,"minecraft:torch":3,"minecraft:raw_iron_block":13,"sophisticatedbackpacks:backpack":2,"minecraft:spruce_sapling":12,"minecraft:diorite":3,"minecraft:redstone":5,"minecraft:spruce_log":35,"minecraft:spider_eye":3,"alexsmobs:animal_dictionary":1,"minecraft:rotten_flesh":1,"minecraft:diamond":2,"minecraft:granite":2,"minecraft:coal":13,"minecraft:cobblestone":103},"minecraft:custom":{"minecraft:interact_with_furnace":52,"minecraft:mob_kills":15,"minecraft:interact_with_crafting_table":27,"minecraft:open_barrel":2,"minecraft:leave_game":2,"minecraft:time_since_death":27466,"minecraft:climb_one_cm":3930,"minecraft:time_since_rest":27497,"minecraft:sprint_one_cm":116041,"minecraft:damage_taken":2512,"minecraft:walk_one_cm":131309,"minecraft:damage_blocked_by_shield":325,"minecraft:drop":9,"minecraft:damage_dealt":3068,"minecraft:swim_one_cm":13278,"minecraft:fly_one_cm":81760,"minecraft:player_kills":1,"minecraft:open_chest":8,"minecraft:crouch_one_cm":5521,"minecraft:play_time":56751,"minecraft:deaths":4,"minecraft:sneak_time":1860,"minecraft:walk_under_water_one_cm":4153,"minecraft:boat_one_cm":67079,"minecraft:jump":629,"minecraft:walk_on_water_one_cm":8963,"minecraft:total_world_time":56751,"minecraft:fall_one_cm":19771},"minecraft:used":{"minecraft:oak_trapdoor":1,"minecraft:stone_sword":65,"minecraft:spruce_slab":1,"minecraft:stone_pickaxe":7,"minecraft:ladder":3,"minecraft:shield":8,"minecraft:spruce_planks":7,"minecraft:wooden_pickaxe":14,"minecraft:iron_chestplate":1,"minecraft:torch":10,"minecraft:dirt":4,"minecraft:crafting_table":6,"minecraft:spruce_boat":3,"minecraft:wooden_axe":44,"sophisticatedbackpacks:backpack":1,"minecraft:iron_axe":15,"minecraft:bread":9,"minecraft:iron_pickaxe":93,"minecraft:iron_helmet":1,"minecraft:iron_boots":1,"minecraft:cobblestone":12,"minecraft:beef":5,"minecraft:furnace":2,"minecraft:andesite":1,"alexsmobs:animal_dictionary":1,"minecraft:cooked_beef":7,"minecraft:cobbled_deepslate":7,"minecraft:iron_leggings":1},"minecraft:killed_by":{"endofherobrine:cow":1,"minecraft:zombie_villager":1,"minecraft:skeleton":1}},"DataVersion":3120}