{"stats":{"minecraft:dropped":{"minecraft:bread":26,"minecraft:wheat_seeds":1,"minecraft:oak_log":133,"minecraft:stick":31,"minecraft:wooden_axe":1,"sophisticatedbackpacks:backpack":2,"minecraft:shield":1,"minecraft:wooden_pickaxe":2},"minecraft:killed":{"minecraft:cave_spider":7,"minecraft:spider":8,"quark:toretoise":1,"quark:forgotten":1,"minecraft:skeleton":6,"minecraft:zombie_villager":1,"minecraft:creeper":1,"minecraft:zombie":13},"minecraft:crafted":{"minecraft:oak_planks":264,"minecraft:furnace":2,"minecraft:iron_boots":1,"minecraft:iron_axe":1,"minecraft:stone_pickaxe":1,"minecraft:spruce_boat":3,"quark:spruce_chest":1,"sophisticatedbackpacks:backpack":3,"minecraft:crafting_table":4,"minecraft:spruce_planks":100,"minecraft:wooden_pickaxe":1,"minecraft:iron_helmet":1,"minecraft:air":0,"minecraft:iron_chestplate":1,"minecraft:shield":2,"minecraft:stick":136,"quark:oak_chest":2,"minecraft:iron_pickaxe":1,"minecraft:iron_ingot":42,"minecraft:wooden_axe":1,"minecraft:stone_sword":1,"minecraft:iron_block":4,"minecraft:iron_leggings":2},"minecraft:mined":{"minecraft:spruce_planks":1,"minecraft:deepslate_diamond_ore":2,"minecraft:brewing_stand":1,"minecraft:granite":2,"minecraft:cave_vines_plant":1,"minecraft:grass_block":2,"minecraft:spruce_leaves":7,"minecraft:spawner":2,"minecraft:hay_block":10,"minecraft:black_stained_glass_pane":3,"minecraft:redstone_ore":1,"minecraft:raw_iron_block":8,"minecraft:furnace":1,"minecraft:fire":16,"minecraft:iron_ore":16,"minecraft:cobbled_deepslate":7,"minecraft:barrel":3,"minecraft:andesite":1,"minecraft:deepslate_iron_ore":4,"minecraft:stone":30,"sophisticatedbackpacks:backpack":1,"minecraft:smithing_table":3,"minecraft:smoker":1,"minecraft:crafting_table":3,"minecraft:torch":3,"minecraft:chest":2,"minecraft:copper_ore":1,"minecraft:cobblestone":15,"minecraft:deepslate_gold_ore":5,"minecraft:lapis_ore":2,"minecraft:oak_planks":6,"minecraft:diorite":3,"minecraft:spruce_log":36,"minecraft:black_bed":2,"minecraft:grass":2,"minecraft:coal_ore":13,"minecraft:oak_log":9,"minecraft:dirt":3,"minecraft:cobweb":33,"minecraft:stonecutter":1,"minecraft:deepslate":20},"minecraft:picked_up":{"minecraft:wooden_axe":1,"minecraft:crafting_table":3,"minecraft:wheat":6,"minecraft:ladder":3,"minecraft:smithing_table":3,"minecraft:wooden_pickaxe":1,"minecraft:enchanted_book":1,"minecraft:brewing_stand":2,"minecraft:oak_trapdoor":1,"minecraft:string":56,"minecraft:raw_copper":2,"minecraft:activator_rail":1,"minecraft:cobbled_deepslate":27,"minecraft:spruce_planks":33,"minecraft:spruce_slab":1,"minecraft:chest":4,"minecraft:furnace":1,"minecraft:raw_iron":20,"minecraft:stick":35,"minecraft:torch":7,"sophisticatedbackpacks:backpack":2,"minecraft:diorite":3,"minecraft:redstone":17,"quark:ancient_tome":2,"minecraft:arrow":20,"minecraft:rotten_flesh":12,"minecraft:hay_block":20,"minecraft:glow_berries":2,"minecraft:cobblestone":128,"minecraft:feather":1,"minecraft:andesite":1,"minecraft:black_bed":3,"minecraft:leather":14,"minecraft:smoker":1,"minecraft:potato":2,"minecraft:oak_log":149,"minecraft:gunpowder":8,"minecraft:lapis_lazuli":10,"minecraft:dirt":35,"quark:forgotten_hat":2,"quark:blank_rune":1,"minecraft:bone":11,"minecraft:stonecutter":1,"minecraft:wheat_seeds":1,"minecraft:raw_gold":5,"minecraft:iron_ingot":2,"minecraft:cobweb":8,"minecraft:oak_planks":206,"minecraft:raw_iron_block":13,"minecraft:spruce_sapling":12,"minecraft:spruce_log":41,"alexsmobs:animal_dictionary":1,"minecraft:spider_eye":5,"minecraft:barrel":3,"minecraft:diamond":4,"minecraft:granite":2,"minecraft:golden_apple":3,"minecraft:bread":1,"minecraft:coal":18,"quark:backpack":1},"minecraft:custom":{"minecraft:interact_with_smithing_table":2,"minecraft:mob_kills":38,"minecraft:interact_with_crafting_table":29,"minecraft:open_barrel":8,"minecraft:leave_game":3,"minecraft:time_since_death":2900,"minecraft:climb_one_cm":6923,"minecraft:sprint_one_cm":244244,"minecraft:walk_one_cm":233086,"minecraft:damage_blocked_by_shield":2465,"minecraft:drop":37,"minecraft:play_time":98278,"minecraft:deaths":6,"minecraft:sneak_time":3838,"minecraft:walk_under_water_one_cm":10340,"minecraft:boat_one_cm":67079,"minecraft:jump":883,"minecraft:walk_on_water_one_cm":13438,"minecraft:total_world_time":98278,"minecraft:interact_with_furnace":57,"minecraft:time_since_rest":2926,"minecraft:damage_taken":4252,"minecraft:damage_dealt":8098,"minecraft:swim_one_cm":14575,"minecraft:fly_one_cm":355299,"minecraft:player_kills":2,"minecraft:open_chest":13,"minecraft:crouch_one_cm":8533,"minecraft:fall_one_cm":24180},"minecraft:used":{"minecraft:oak_trapdoor":1,"minecraft:stone_sword":73,"minecraft:spruce_slab":1,"minecraft:ladder":3,"minecraft:spruce_planks":7,"minecraft:shield":64,"minecraft:iron_chestplate":1,"minecraft:torch":21,"minecraft:dirt":4,"minecraft:spruce_boat":3,"minecraft:wooden_axe":44,"minecraft:iron_axe":31,"minecraft:iron_helmet":1,"minecraft:iron_boots":1,"minecraft:beef":5,"minecraft:furnace":2,"minecraft:cooked_beef":7,"minecraft:cobbled_deepslate":9,"minecraft:iron_leggings":1,"minecraft:stone_pickaxe":7,"minecraft:oak_planks":40,"minecraft:wooden_pickaxe":14,"minecraft:crafting_table":6,"sophisticatedbackpacks:backpack":1,"minecraft:apple":5,"minecraft:bread":33,"minecraft:iron_pickaxe":125,"minecraft:diamond_sword":84,"minecraft:cobblestone":12,"minecraft:smithing_table":3,"minecraft:andesite":1,"alexsmobs:animal_dictionary":1},"minecraft:killed_by":{"endofherobrine:cow":1,"minecraft:zombie_villager":1,"minecraft:cave_spider":1,"minecraft:skeleton":1,"cave_dweller:cave_dweller":1}},"DataVersion":3120}