{"stats":{"minecraft:dropped":{"minecraft:iron_ingot":128,"minecraft:bread":282,"minecraft:wheat_seeds":1,"minecraft:oak_log":133,"minecraft:diamond_leggings":1,"minecraft:iron_helmet":1,"minecraft:polished_blackstone_brick_wall":2,"minecraft:stick":33,"minecraft:dirt":4,"minecraft:wooden_axe":3,"minecraft:birch_log":271,"minecraft:gold_ingot":167,"minecraft:birch_sapling":7,"minecraft:iron_boots":1,"sophisticatedbackpacks:backpack":2,"minecraft:diamond_sword":1,"alexsmobs:elastic_tendon":1,"alexsmobs:blood_sac":2,"minecraft:shield":1,"minecraft:diamond_chestplate":1,"minecraft:chest":2,"minecraft:barrel":3,"minecraft:wooden_pickaxe":2,"minecraft:netherrack":1},"minecraft:killed":{"minecraft:cave_spider":7,"minecraft:witch":1,"minecraft:spider":8,"alexsmobs:murmur":1,"quark:toretoise":1,"quark:forgotten":1,"minecraft:skeleton":6,"minecraft:piglin_brute":7,"minecraft:piglin":2,"minecraft:zombie_villager":1,"minecraft:creeper":1,"alexsmobs:crimson_mosquito":2,"minecraft:zombie":15,"minecraft:blaze":14},"minecraft:crafted":{"minecraft:oak_planks":264,"minecraft:furnace":2,"quark:deepslate_furnace":1,"minecraft:warped_planks":8,"minecraft:iron_boots":1,"minecraft:iron_axe":1,"minecraft:stone_pickaxe":1,"minecraft:spruce_boat":3,"quark:spruce_chest":1,"sophisticatedbackpacks:iron_backpack":1,"minecraft:oak_slab":24,"sophisticatedbackpacks:backpack":3,"minecraft:crafting_table":6,"minecraft:spruce_planks":100,"minecraft:wooden_pickaxe":1,"minecraft:iron_helmet":1,"sophisticatedbackpacks:gold_backpack":1,"minecraft:bucket":1,"minecraft:birch_planks":12,"minecraft:air":0,"minecraft:iron_chestplate":1,"minecraft:shield":2,"minecraft:stick":140,"quark:oak_chest":2,"minecraft:iron_ingot":60,"minecraft:iron_pickaxe":1,"minecraft:wooden_axe":3,"minecraft:iron_block":4,"minecraft:stone_sword":1,"minecraft:iron_leggings":2,"minecraft:gold_ingot":1},"minecraft:mined":{"minecraft:spruce_planks":1,"minecraft:mossy_cobblestone":4,"minecraft:deepslate_diamond_ore":2,"minecraft:brewing_stand":1,"minecraft:obsidian":5,"minecraft:cave_vines_plant":1,"minecraft:granite":2,"minecraft:grass_block":4,"minecraft:cracked_polished_blackstone_bricks":14,"minecraft:polished_blackstone_brick_slab":1,"minecraft:spruce_leaves":7,"minecraft:nether_wart":2,"minecraft:spawner":3,"minecraft:gilded_blackstone":1,"minecraft:hay_block":10,"minecraft:polished_blackstone_bricks":35,"minecraft:black_stained_glass_pane":3,"minecraft:raw_iron_block":8,"minecraft:redstone_ore":1,"minecraft:glowstone":2,"minecraft:furnace":1,"minecraft:iron_ore":16,"minecraft:barrel":6,"minecraft:fire":21,"minecraft:cobbled_deepslate":9,"minecraft:andesite":1,"minecraft:gold_block":31,"minecraft:shroomlight":1,"minecraft:deepslate_iron_ore":4,"minecraft:warped_stem":2,"minecraft:stone":30,"sophisticatedbackpacks:backpack":1,"minecraft:smithing_table":3,"minecraft:soul_sand":6,"minecraft:blackstone":16,"minecraft:smoker":1,"minecraft:soul_fire":1,"minecraft:polished_blackstone_brick_wall":5,"minecraft:crafting_table":4,"minecraft:torch":3,"minecraft:chest":2,"minecraft:copper_ore":1,"minecraft:cobblestone":30,"minecraft:deepslate_gold_ore":7,"minecraft:lapis_ore":2,"minecraft:damaged_anvil":2,"minecraft:oak_planks":8,"minecraft:polished_blackstone_brick_stairs":1,"minecraft:diorite":3,"minecraft:warped_wart_block":6,"minecraft:birch_log":18,"minecraft:spruce_log":36,"minecraft:black_bed":2,"minecraft:grass":3,"minecraft:oak_log":9,"minecraft:coal_ore":13,"minecraft:dirt":3,"minecraft:cobweb":33,"minecraft:stonecutter":1,"minecraft:ancient_debris":4,"minecraft:netherrack":26,"minecraft:deepslate":62},"minecraft:picked_up":{"minecraft:wooden_axe":1,"minecraft:crafting_table":4,"minecraft:wheat":12,"minecraft:splash_potion":1,"minecraft:ladder":3,"minecraft:nether_wart":10,"minecraft:smithing_table":3,"minecraft:diamond_sword":2,"minecraft:wooden_pickaxe":1,"minecraft:gold_block":49,"minecraft:enchanted_book":2,"minecraft:gilded_blackstone":31,"minecraft:nether_brick":5,"minecraft:brewing_stand":4,"minecraft:shield":1,"minecraft:polished_blackstone_brick_stairs":1,"minecraft:oak_trapdoor":1,"minecraft:string":110,"minecraft:raw_copper":12,"minecraft:iron_axe":1,"minecraft:netherite_scrap":2,"minecraft:netherite_ingot":1,"minecraft:blackstone":28,"minecraft:shroomlight":1,"minecraft:activator_rail":2,"alexsmobs:blood_sac":4,"minecraft:diamond_leggings":1,"minecraft:cobbled_deepslate":71,"minecraft:spruce_planks":51,"alexsmobs:elastic_tendon":2,"minecraft:iron_pickaxe":1,"minecraft:spruce_slab":1,"minecraft:chest":8,"minecraft:birch_sapling":7,"minecraft:iron_boots":1,"minecraft:furnace":1,"minecraft:polished_blackstone_brick_slab":1,"minecraft:stick":37,"minecraft:raw_iron":20,"minecraft:torch":7,"sophisticatedbackpacks:backpack":2,"minecraft:fire_charge":1,"minecraft:polished_blackstone_bricks":31,"minecraft:golden_axe":1,"minecraft:diorite":3,"minecraft:redstone":37,"minecraft:golden_chestplate":1,"quark:ancient_tome":5,"minecraft:arrow":41,"minecraft:rotten_flesh":27,"minecraft:diamond_chestplate":1,"minecraft:diamond_boots":1,"minecraft:hay_block":30,"minecraft:iron_block":2,"minecraft:gold_ingot":43,"minecraft:blaze_rod":5,"minecraft:glow_berries":4,"minecraft:obsidian":6,"minecraft:rail":4,"minecraft:cobblestone":164,"minecraft:birch_log":33,"minecraft:feather":1,"minecraft:magma_cream":9,"minecraft:andesite":1,"minecraft:black_bed":4,"minecraft:leather":16,"minecraft:smoker":1,"minecraft:potato":4,"minecraft:oak_log":149,"minecraft:ancient_debris":5,"minecraft:gunpowder":8,"alexsmobs:mosquito_proboscis":4,"minecraft:lapis_lazuli":10,"minecraft:dirt":39,"quark:forgotten_hat":3,"quark:blank_rune":1,"minecraft:bone":23,"minecraft:stonecutter":3,"minecraft:wheat_seeds":1,"minecraft:raw_gold":7,"minecraft:warped_stem":2,"minecraft:iron_ingot":15,"minecraft:cobweb":10,"minecraft:diamond_helmet":2,"minecraft:glowstone_dust":12,"minecraft:oak_planks":381,"minecraft:soul_sand":6,"minecraft:warped_wart_block":6,"minecraft:raw_iron_block":13,"minecraft:gravel":27,"minecraft:spruce_sapling":12,"minecraft:spruce_log":41,"alexsmobs:animal_dictionary":1,"minecraft:crying_obsidian":5,"minecraft:spectral_arrow":20,"minecraft:spider_eye":7,"minecraft:barrel":9,"minecraft:mossy_cobblestone":2,"minecraft:diamond":6,"minecraft:cracked_polished_blackstone_bricks":14,"minecraft:iron_helmet":1,"minecraft:granite":2,"minecraft:golden_apple":5,"minecraft:polished_blackstone_brick_wall":4,"minecraft:bread":7,"minecraft:damaged_anvil":2,"minecraft:netherrack":26,"minecraft:coal":18,"minecraft:diamond_pickaxe":1,"quark:backpack":3},"minecraft:custom":{"minecraft:interact_with_smithing_table":2,"minecraft:interact_with_anvil":2,"minecraft:mob_kills":68,"minecraft:interact_with_crafting_table":39,"minecraft:open_barrel":8,"minecraft:leave_game":6,"minecraft:time_since_death":25180,"minecraft:climb_one_cm":6923,"minecraft:sprint_one_cm":297543,"minecraft:walk_one_cm":405208,"minecraft:damage_blocked_by_shield":3740,"minecraft:drop":115,"minecraft:play_time":168123,"minecraft:sneak_time":9576,"minecraft:deaths":9,"minecraft:walk_under_water_one_cm":10908,"minecraft:boat_one_cm":67079,"minecraft:jump":1441,"minecraft:walk_on_water_one_cm":36178,"minecraft:total_world_time":168123,"minecraft:interact_with_furnace":61,"minecraft:time_since_rest":25206,"minecraft:damage_taken":6080,"minecraft:damage_dealt":15941,"minecraft:player_kills":2,"minecraft:swim_one_cm":14639,"minecraft:fly_one_cm":567686,"minecraft:open_chest":28,"minecraft:crouch_one_cm":25054,"minecraft:fall_one_cm":37372},"minecraft:used":{"minecraft:oak_trapdoor":1,"minecraft:stone_sword":73,"minecraft:flint_and_steel":3,"minecraft:spruce_slab":1,"minecraft:ladder":3,"minecraft:spruce_planks":7,"minecraft:shield":80,"minecraft:netherrack":91,"minecraft:iron_chestplate":1,"minecraft:torch":49,"minecraft:ancient_debris":1,"minecraft:dirt":4,"minecraft:warped_wart_block":6,"minecraft:anvil":1,"minecraft:obsidian":15,"minecraft:wooden_axe":59,"minecraft:spruce_boat":3,"minecraft:lava_bucket":14,"quark:deepslate_furnace":1,"minecraft:iron_axe":37,"minecraft:iron_helmet":1,"minecraft:polished_blackstone_brick_stairs":1,"minecraft:iron_boots":1,"minecraft:beef":5,"minecraft:furnace":2,"minecraft:cooked_beef":7,"minecraft:cobbled_deepslate":30,"minecraft:iron_leggings":1,"minecraft:water_bucket":7,"minecraft:damaged_anvil":1,"minecraft:stone_pickaxe":7,"minecraft:oak_planks":206,"minecraft:blackstone":96,"minecraft:wooden_pickaxe":14,"minecraft:polished_blackstone_bricks":9,"minecraft:oak_slab":24,"minecraft:crafting_table":9,"minecraft:warped_planks":2,"sophisticatedbackpacks:backpack":1,"minecraft:diamond_pickaxe":185,"minecraft:apple":5,"minecraft:cracked_polished_blackstone_bricks":3,"minecraft:bread":53,"minecraft:cyan_bed":1,"minecraft:iron_pickaxe":149,"minecraft:diamond_sword":232,"minecraft:cobblestone":49,"minecraft:smithing_table":3,"minecraft:andesite":1,"minecraft:bucket":21,"alexsmobs:animal_dictionary":1},"minecraft:killed_by":{"endofherobrine:cow":1,"minecraft:zombie_villager":1,"minecraft:piglin":1,"minecraft:cave_spider":1,"minecraft:skeleton":1,"minecraft:zombie":1,"alexsmobs:crimson_mosquito":1,"cave_dweller:cave_dweller":1}},"DataVersion":3120}