{"stats":{"minecraft:dropped":{"minecraft:bread":26,"minecraft:wheat_seeds":1,"minecraft:oak_log":133,"minecraft:stick":31,"minecraft:wooden_axe":1,"sophisticatedbackpacks:backpack":2,"minecraft:diamond_sword":1,"alexsmobs:elastic_tendon":1,"minecraft:shield":1,"minecraft:chest":2,"minecraft:barrel":3,"minecraft:wooden_pickaxe":2},"minecraft:killed":{"minecraft:cave_spider":7,"minecraft:witch":1,"minecraft:spider":8,"alexsmobs:murmur":1,"quark:toretoise":1,"quark:forgotten":1,"minecraft:skeleton":6,"minecraft:zombie_villager":1,"minecraft:creeper":1,"minecraft:zombie":15},"minecraft:crafted":{"minecraft:oak_planks":264,"minecraft:furnace":2,"minecraft:iron_boots":1,"minecraft:iron_axe":1,"minecraft:stone_pickaxe":1,"minecraft:spruce_boat":3,"quark:spruce_chest":1,"sophisticatedbackpacks:backpack":3,"minecraft:crafting_table":5,"minecraft:spruce_planks":100,"minecraft:wooden_pickaxe":1,"minecraft:iron_helmet":1,"minecraft:bucket":1,"minecraft:air":0,"minecraft:iron_chestplate":1,"minecraft:shield":2,"minecraft:stick":136,"quark:oak_chest":2,"minecraft:iron_pickaxe":1,"minecraft:iron_ingot":42,"minecraft:wooden_axe":1,"minecraft:stone_sword":1,"minecraft:iron_block":4,"minecraft:iron_leggings":2},"minecraft:mined":{"minecraft:spruce_planks":1,"minecraft:deepslate_diamond_ore":2,"minecraft:brewing_stand":1,"minecraft:obsidian":1,"minecraft:granite":2,"minecraft:cave_vines_plant":1,"minecraft:grass_block":2,"minecraft:spruce_leaves":7,"minecraft:spawner":2,"minecraft:hay_block":10,"minecraft:black_stained_glass_pane":3,"minecraft:redstone_ore":1,"minecraft:raw_iron_block":8,"minecraft:furnace":1,"minecraft:fire":16,"minecraft:iron_ore":16,"minecraft:cobbled_deepslate":7,"minecraft:barrel":6,"minecraft:andesite":1,"minecraft:deepslate_iron_ore":4,"minecraft:stone":30,"sophisticatedbackpacks:backpack":1,"minecraft:smithing_table":3,"minecraft:smoker":1,"minecraft:crafting_table":4,"minecraft:torch":3,"minecraft:chest":2,"minecraft:copper_ore":1,"minecraft:cobblestone":15,"minecraft:deepslate_gold_ore":7,"minecraft:lapis_ore":2,"minecraft:oak_planks":8,"minecraft:damaged_anvil":2,"minecraft:diorite":3,"minecraft:spruce_log":36,"minecraft:black_bed":2,"minecraft:grass":2,"minecraft:coal_ore":13,"minecraft:oak_log":9,"minecraft:dirt":3,"minecraft:cobweb":33,"minecraft:stonecutter":1,"minecraft:deepslate":60},"minecraft:picked_up":{"minecraft:wooden_axe":1,"minecraft:crafting_table":4,"minecraft:wheat":12,"minecraft:ladder":3,"minecraft:diamond_sword":1,"minecraft:smithing_table":3,"minecraft:wooden_pickaxe":1,"minecraft:enchanted_book":2,"minecraft:brewing_stand":3,"minecraft:oak_trapdoor":1,"minecraft:string":83,"minecraft:raw_copper":12,"minecraft:activator_rail":2,"minecraft:cobbled_deepslate":67,"minecraft:spruce_planks":33,"alexsmobs:elastic_tendon":2,"minecraft:spruce_slab":1,"minecraft:chest":8,"minecraft:furnace":1,"minecraft:raw_iron":20,"minecraft:stick":35,"minecraft:torch":7,"sophisticatedbackpacks:backpack":2,"minecraft:diorite":3,"minecraft:redstone":27,"quark:ancient_tome":3,"minecraft:arrow":20,"minecraft:rotten_flesh":27,"minecraft:hay_block":30,"minecraft:glow_berries":3,"minecraft:obsidian":1,"minecraft:rail":2,"minecraft:cobblestone":153,"minecraft:feather":1,"minecraft:andesite":1,"minecraft:black_bed":4,"minecraft:leather":14,"minecraft:smoker":1,"minecraft:potato":4,"minecraft:oak_log":149,"minecraft:gunpowder":8,"minecraft:lapis_lazuli":10,"minecraft:dirt":35,"quark:forgotten_hat":3,"quark:blank_rune":1,"minecraft:bone":17,"minecraft:stonecutter":2,"minecraft:wheat_seeds":1,"minecraft:raw_gold":7,"minecraft:iron_ingot":2,"minecraft:cobweb":9,"minecraft:oak_planks":366,"minecraft:raw_iron_block":13,"minecraft:spruce_sapling":12,"minecraft:spruce_log":41,"alexsmobs:animal_dictionary":1,"minecraft:spider_eye":7,"minecraft:barrel":9,"minecraft:diamond":6,"minecraft:granite":2,"minecraft:golden_apple":5,"minecraft:bread":1,"minecraft:damaged_anvil":2,"minecraft:coal":18,"quark:backpack":2},"minecraft:custom":{"minecraft:interact_with_smithing_table":2,"minecraft:mob_kills":42,"minecraft:interact_with_crafting_table":30,"minecraft:open_barrel":8,"minecraft:leave_game":3,"minecraft:time_since_death":7739,"minecraft:climb_one_cm":6923,"minecraft:sprint_one_cm":271165,"minecraft:walk_one_cm":274779,"minecraft:damage_blocked_by_shield":3480,"minecraft:drop":41,"minecraft:play_time":110278,"minecraft:deaths":7,"minecraft:sneak_time":3876,"minecraft:walk_under_water_one_cm":10876,"minecraft:boat_one_cm":67079,"minecraft:jump":1095,"minecraft:walk_on_water_one_cm":29827,"minecraft:total_world_time":110278,"minecraft:interact_with_furnace":57,"minecraft:time_since_rest":7768,"minecraft:damage_taken":5019,"minecraft:damage_dealt":9105,"minecraft:swim_one_cm":14639,"minecraft:fly_one_cm":389288,"minecraft:player_kills":2,"minecraft:open_chest":16,"minecraft:crouch_one_cm":8728,"minecraft:fall_one_cm":30669},"minecraft:used":{"minecraft:oak_trapdoor":1,"minecraft:stone_sword":73,"minecraft:spruce_slab":1,"minecraft:ladder":3,"minecraft:spruce_planks":7,"minecraft:shield":75,"minecraft:iron_chestplate":1,"minecraft:torch":43,"minecraft:dirt":4,"minecraft:obsidian":1,"minecraft:spruce_boat":3,"minecraft:wooden_axe":44,"minecraft:lava_bucket":13,"minecraft:iron_axe":37,"minecraft:iron_helmet":1,"minecraft:iron_boots":1,"minecraft:beef":5,"minecraft:furnace":2,"minecraft:cooked_beef":7,"minecraft:cobbled_deepslate":13,"minecraft:iron_leggings":1,"minecraft:water_bucket":3,"minecraft:damaged_anvil":1,"minecraft:stone_pickaxe":7,"minecraft:oak_planks":46,"minecraft:wooden_pickaxe":14,"minecraft:crafting_table":7,"sophisticatedbackpacks:backpack":1,"minecraft:diamond_pickaxe":22,"minecraft:apple":5,"minecraft:bread":43,"minecraft:iron_pickaxe":148,"minecraft:diamond_sword":102,"minecraft:cobblestone":14,"minecraft:smithing_table":3,"minecraft:bucket":16,"minecraft:andesite":1,"alexsmobs:animal_dictionary":1},"minecraft:killed_by":{"endofherobrine:cow":1,"minecraft:zombie_villager":1,"minecraft:cave_spider":1,"minecraft:skeleton":1,"minecraft:zombie":1,"cave_dweller:cave_dweller":1}},"DataVersion":3120}