{"stats":{"minecraft:dropped":{"minecraft:bread":2,"minecraft:wheat_seeds":1,"minecraft:oak_log":128,"minecraft:stick":31,"minecraft:wooden_axe":1,"sophisticatedbackpacks:backpack":2,"minecraft:wooden_pickaxe":2},"minecraft:killed":{"minecraft:cave_spider":5,"minecraft:spider":6,"quark:toretoise":1,"quark:forgotten":1,"minecraft:skeleton":5,"minecraft:zombie_villager":1,"minecraft:zombie":9},"minecraft:crafted":{"minecraft:oak_planks":264,"minecraft:furnace":2,"minecraft:iron_boots":1,"minecraft:iron_axe":1,"minecraft:stone_pickaxe":1,"minecraft:spruce_boat":3,"quark:spruce_chest":1,"sophisticatedbackpacks:backpack":3,"minecraft:crafting_table":4,"minecraft:spruce_planks":76,"minecraft:wooden_pickaxe":1,"minecraft:iron_helmet":1,"minecraft:air":0,"minecraft:iron_chestplate":1,"minecraft:shield":1,"minecraft:stick":136,"quark:oak_chest":2,"minecraft:iron_pickaxe":1,"minecraft:iron_ingot":42,"minecraft:wooden_axe":1,"minecraft:stone_sword":1,"minecraft:iron_block":4,"minecraft:iron_leggings":2},"minecraft:mined":{"minecraft:spruce_planks":1,"minecraft:deepslate_diamond_ore":2,"minecraft:brewing_stand":1,"minecraft:granite":2,"minecraft:cave_vines_plant":1,"minecraft:grass_block":2,"minecraft:spruce_leaves":7,"minecraft:spawner":1,"minecraft:hay_block":10,"minecraft:black_stained_glass_pane":3,"minecraft:redstone_ore":1,"minecraft:raw_iron_block":8,"minecraft:furnace":1,"minecraft:fire":16,"minecraft:iron_ore":16,"minecraft:cobbled_deepslate":7,"minecraft:barrel":3,"minecraft:andesite":1,"minecraft:deepslate_iron_ore":4,"minecraft:stone":21,"sophisticatedbackpacks:backpack":1,"minecraft:smithing_table":3,"minecraft:smoker":1,"minecraft:crafting_table":3,"minecraft:torch":3,"minecraft:chest":2,"minecraft:copper_ore":1,"minecraft:cobblestone":15,"minecraft:deepslate_gold_ore":5,"minecraft:lapis_ore":2,"minecraft:oak_planks":3,"minecraft:diorite":3,"minecraft:spruce_log":36,"minecraft:black_bed":2,"minecraft:grass":2,"minecraft:coal_ore":13,"minecraft:oak_log":9,"minecraft:dirt":3,"minecraft:cobweb":21,"minecraft:stonecutter":1,"minecraft:deepslate":16},"minecraft:picked_up":{"minecraft:wooden_axe":1,"minecraft:crafting_table":3,"minecraft:wheat":6,"minecraft:ladder":3,"minecraft:smithing_table":3,"minecraft:wooden_pickaxe":1,"minecraft:brewing_stand":1,"minecraft:oak_trapdoor":1,"minecraft:string":39,"minecraft:raw_copper":2,"minecraft:cobbled_deepslate":23,"minecraft:spruce_planks":33,"minecraft:spruce_slab":1,"minecraft:chest":2,"minecraft:furnace":1,"minecraft:raw_iron":20,"minecraft:stick":35,"minecraft:torch":6,"sophisticatedbackpacks:backpack":2,"minecraft:diorite":3,"minecraft:redstone":9,"quark:ancient_tome":1,"minecraft:arrow":10,"minecraft:rotten_flesh":7,"minecraft:hay_block":10,"minecraft:glow_berries":1,"minecraft:cobblestone":103,"minecraft:feather":1,"minecraft:andesite":1,"minecraft:black_bed":2,"minecraft:leather":14,"minecraft:smoker":1,"minecraft:oak_log":139,"minecraft:gunpowder":8,"minecraft:lapis_lazuli":10,"minecraft:dirt":35,"quark:forgotten_hat":1,"quark:blank_rune":1,"minecraft:bone":5,"minecraft:stonecutter":1,"minecraft:wheat_seeds":1,"minecraft:raw_gold":5,"minecraft:cobweb":8,"minecraft:oak_planks":11,"minecraft:raw_iron_block":13,"minecraft:spruce_sapling":12,"minecraft:spruce_log":35,"alexsmobs:animal_dictionary":1,"minecraft:spider_eye":3,"minecraft:barrel":3,"minecraft:diamond":2,"minecraft:granite":2,"minecraft:golden_apple":1,"minecraft:bread":1,"minecraft:coal":18},"minecraft:custom":{"minecraft:interact_with_smithing_table":2,"minecraft:mob_kills":28,"minecraft:interact_with_crafting_table":27,"minecraft:open_barrel":8,"minecraft:leave_game":3,"minecraft:time_since_death":22163,"minecraft:climb_one_cm":4545,"minecraft:sprint_one_cm":176962,"minecraft:walk_one_cm":193404,"minecraft:damage_blocked_by_shield":2195,"minecraft:drop":11,"minecraft:play_time":80278,"minecraft:deaths":5,"minecraft:sneak_time":3209,"minecraft:walk_under_water_one_cm":4433,"minecraft:boat_one_cm":67079,"minecraft:jump":789,"minecraft:walk_on_water_one_cm":10245,"minecraft:total_world_time":80278,"minecraft:interact_with_furnace":53,"minecraft:time_since_rest":22195,"minecraft:damage_taken":3421,"minecraft:damage_dealt":6012,"minecraft:swim_one_cm":14575,"minecraft:fly_one_cm":271519,"minecraft:player_kills":1,"minecraft:open_chest":11,"minecraft:crouch_one_cm":8321,"minecraft:fall_one_cm":21174},"minecraft:used":{"minecraft:oak_trapdoor":1,"minecraft:stone_sword":73,"minecraft:spruce_slab":1,"minecraft:ladder":3,"minecraft:spruce_planks":7,"minecraft:shield":59,"minecraft:iron_chestplate":1,"minecraft:torch":15,"minecraft:dirt":4,"minecraft:spruce_boat":3,"minecraft:wooden_axe":44,"minecraft:iron_axe":27,"minecraft:iron_helmet":1,"minecraft:iron_boots":1,"minecraft:beef":5,"minecraft:furnace":2,"minecraft:cooked_beef":7,"minecraft:cobbled_deepslate":9,"minecraft:iron_leggings":1,"minecraft:stone_pickaxe":7,"minecraft:oak_planks":31,"minecraft:wooden_pickaxe":14,"minecraft:crafting_table":6,"sophisticatedbackpacks:backpack":1,"minecraft:apple":5,"minecraft:bread":21,"minecraft:iron_pickaxe":111,"minecraft:diamond_sword":42,"minecraft:cobblestone":12,"minecraft:smithing_table":3,"minecraft:andesite":1,"alexsmobs:animal_dictionary":1},"minecraft:killed_by":{"endofherobrine:cow":1,"minecraft:zombie_villager":1,"minecraft:cave_spider":1,"minecraft:skeleton":1}},"DataVersion":3120}