{"stats":{"minecraft:dropped":{"minecraft:bread":2,"minecraft:wheat_seeds":1,"sophisticatedbackpacks:backpack":1,"minecraft:stick":31,"minecraft:wooden_axe":1,"minecraft:wooden_pickaxe":2},"minecraft:killed":{"minecraft:zombie_villager":1,"minecraft:spider":2},"minecraft:crafted":{"minecraft:oak_planks":8,"sophisticatedbackpacks:backpack":2,"minecraft:crafting_table":4,"minecraft:spruce_planks":76,"minecraft:wooden_pickaxe":1,"minecraft:furnace":1,"minecraft:air":0,"minecraft:shield":1,"minecraft:iron_axe":1,"minecraft:stick":136,"quark:oak_chest":1,"minecraft:iron_pickaxe":1,"minecraft:iron_ingot":18,"minecraft:stone_pickaxe":1,"minecraft:wooden_axe":1,"minecraft:stone_sword":1,"minecraft:iron_block":2,"minecraft:iron_leggings":1,"minecraft:spruce_boat":3,"quark:spruce_chest":1},"minecraft:mined":{"minecraft:spruce_planks":1,"minecraft:smoker":1,"minecraft:crafting_table":2,"minecraft:torch":1,"minecraft:grass_block":2,"minecraft:cobblestone":11,"minecraft:spruce_leaves":7,"minecraft:diorite":1,"minecraft:raw_iron_block":8,"minecraft:fire":16,"minecraft:spruce_log":36,"minecraft:grass":2,"minecraft:oak_log":9,"minecraft:dirt":1,"minecraft:stone":6},"minecraft:picked_up":{"minecraft:wooden_axe":1,"minecraft:crafting_table":2,"minecraft:feather":1,"minecraft:ladder":3,"minecraft:smoker":1,"minecraft:wooden_pickaxe":1,"minecraft:oak_log":11,"minecraft:oak_trapdoor":1,"minecraft:string":2,"minecraft:dirt":29,"minecraft:wheat_seeds":1,"minecraft:spruce_planks":33,"minecraft:spruce_slab":1,"minecraft:stick":35,"minecraft:torch":2,"minecraft:raw_iron_block":13,"sophisticatedbackpacks:backpack":1,"minecraft:spruce_sapling":12,"minecraft:diorite":1,"minecraft:spruce_log":35,"minecraft:spider_eye":1,"alexsmobs:animal_dictionary":1,"minecraft:rotten_flesh":1,"minecraft:cobblestone":22},"minecraft:custom":{"minecraft:interact_with_furnace":24,"minecraft:mob_kills":2,"minecraft:interact_with_crafting_table":19,"minecraft:leave_game":2,"minecraft:time_since_death":3466,"minecraft:climb_one_cm":3583,"minecraft:time_since_rest":3497,"minecraft:sprint_one_cm":51625,"minecraft:damage_taken":1519,"minecraft:walk_one_cm":65514,"minecraft:drop":8,"minecraft:damage_dealt":672,"minecraft:swim_one_cm":6902,"minecraft:fly_one_cm":31321,"minecraft:player_kills":1,"minecraft:open_chest":1,"minecraft:crouch_one_cm":1258,"minecraft:play_time":32751,"minecraft:deaths":4,"minecraft:sneak_time":594,"minecraft:walk_under_water_one_cm":2505,"minecraft:boat_one_cm":67079,"minecraft:jump":318,"minecraft:walk_on_water_one_cm":3436,"minecraft:total_world_time":32751,"minecraft:fall_one_cm":9788},"minecraft:used":{"minecraft:oak_trapdoor":1,"minecraft:stone_sword":12,"minecraft:stone_pickaxe":7,"minecraft:spruce_planks":7,"minecraft:wooden_pickaxe":14,"minecraft:torch":1,"minecraft:dirt":3,"minecraft:crafting_table":4,"minecraft:spruce_boat":3,"minecraft:wooden_axe":44,"minecraft:bread":1,"minecraft:iron_pickaxe":6,"minecraft:cobblestone":1,"minecraft:furnace":1,"alexsmobs:animal_dictionary":1,"minecraft:cooked_beef":2,"minecraft:iron_leggings":1},"minecraft:killed_by":{"endofherobrine:cow":1,"minecraft:zombie_villager":1,"minecraft:skeleton":1}},"DataVersion":3120}