{"stats":{"minecraft:crafted":{"minecraft:crafting_table":1,"minecraft:spruce_planks":16,"minecraft:stick":4,"minecraft:wooden_pickaxe":1,"minecraft:wooden_axe":1},"minecraft:mined":{"minecraft:grass":1,"minecraft:grass_block":2,"minecraft:dirt":1,"minecraft:spruce_leaves":7,"minecraft:spruce_log":15,"minecraft:stone":2,"minecraft:crafting_table":1},"minecraft:picked_up":{"minecraft:crafting_table":1,"minecraft:spruce_sapling":3,"minecraft:spruce_log":14,"minecraft:dirt":19,"minecraft:cobblestone":2},"minecraft:custom":{"minecraft:time_since_rest":5711,"minecraft:crouch_one_cm":282,"minecraft:play_time":5711,"minecraft:sprint_one_cm":8765,"minecraft:damage_taken":150,"minecraft:walk_one_cm":8562,"minecraft:sneak_time":213,"minecraft:jump":88,"minecraft:damage_dealt":78,"minecraft:time_since_death":5711,"minecraft:total_world_time":5711,"minecraft:player_kills":1,"minecraft:interact_with_crafting_table":2,"minecraft:fall_one_cm":1820,"minecraft:fly_one_cm":4950},"minecraft:used":{"minecraft:wooden_axe":20,"minecraft:dirt":3,"minecraft:cobblestone":1,"minecraft:crafting_table":1,"alexsmobs:animal_dictionary":1,"minecraft:wooden_pickaxe":2}},"DataVersion":3120}