{"stats":{"minecraft:dropped":{"minecraft:bread":2,"minecraft:wheat_seeds":1,"minecraft:oak_log":128,"sophisticatedbackpacks:backpack":2,"minecraft:stick":31,"minecraft:wooden_axe":1,"minecraft:wooden_pickaxe":2},"minecraft:killed":{"minecraft:cave_spider":5,"minecraft:zombie_villager":1,"minecraft:spider":6,"minecraft:zombie":7},"minecraft:crafted":{"minecraft:oak_planks":8,"sophisticatedbackpacks:backpack":3,"minecraft:crafting_table":4,"minecraft:spruce_planks":76,"minecraft:wooden_pickaxe":1,"minecraft:iron_helmet":1,"minecraft:furnace":2,"minecraft:air":0,"minecraft:iron_boots":1,"minecraft:iron_chestplate":1,"minecraft:shield":1,"minecraft:iron_axe":1,"minecraft:stick":136,"quark:oak_chest":2,"minecraft:iron_ingot":42,"minecraft:iron_pickaxe":1,"minecraft:stone_pickaxe":1,"minecraft:wooden_axe":1,"minecraft:iron_block":4,"minecraft:stone_sword":1,"minecraft:iron_leggings":2,"minecraft:spruce_boat":3,"quark:spruce_chest":1},"minecraft:mined":{"minecraft:spruce_planks":1,"minecraft:deepslate_diamond_ore":2,"minecraft:smoker":1,"minecraft:cave_vines_plant":1,"minecraft:crafting_table":3,"minecraft:torch":3,"minecraft:granite":2,"minecraft:grass_block":2,"minecraft:copper_ore":1,"minecraft:cobblestone":15,"minecraft:spruce_leaves":7,"minecraft:lapis_ore":2,"minecraft:deepslate_gold_ore":5,"minecraft:diorite":3,"minecraft:hay_block":8,"minecraft:raw_iron_block":8,"minecraft:redstone_ore":1,"minecraft:furnace":1,"minecraft:iron_ore":16,"minecraft:cobbled_deepslate":6,"minecraft:fire":16,"minecraft:black_bed":2,"minecraft:spruce_log":36,"minecraft:andesite":1,"minecraft:grass":2,"minecraft:oak_log":9,"minecraft:coal_ore":13,"minecraft:dirt":3,"minecraft:cobweb":21,"minecraft:stone":21,"sophisticatedbackpacks:backpack":1,"minecraft:deepslate":16},"minecraft:picked_up":{"minecraft:wooden_axe":1,"minecraft:crafting_table":3,"minecraft:feather":1,"minecraft:ladder":3,"minecraft:andesite":1,"minecraft:black_bed":2,"minecraft:leather":14,"minecraft:smoker":1,"minecraft:wooden_pickaxe":1,"minecraft:oak_log":139,"minecraft:dirt":31,"minecraft:lapis_lazuli":10,"minecraft:string":29,"minecraft:oak_trapdoor":1,"minecraft:raw_copper":2,"minecraft:wheat_seeds":1,"minecraft:cobbled_deepslate":22,"minecraft:raw_gold":5,"minecraft:spruce_planks":33,"minecraft:spruce_slab":1,"minecraft:oak_planks":8,"minecraft:furnace":1,"minecraft:stick":35,"minecraft:raw_iron":16,"minecraft:torch":4,"sophisticatedbackpacks:backpack":2,"minecraft:raw_iron_block":13,"minecraft:spruce_sapling":12,"minecraft:diorite":3,"minecraft:spruce_log":35,"minecraft:redstone":5,"minecraft:spider_eye":3,"alexsmobs:animal_dictionary":1,"minecraft:rotten_flesh":1,"minecraft:diamond":2,"minecraft:hay_block":8,"minecraft:granite":2,"minecraft:glow_berries":1,"minecraft:coal":13,"minecraft:cobblestone":103},"minecraft:custom":{"minecraft:interact_with_furnace":53,"minecraft:mob_kills":18,"minecraft:interact_with_crafting_table":27,"minecraft:open_barrel":2,"minecraft:leave_game":3,"minecraft:time_since_death":10163,"minecraft:climb_one_cm":4545,"minecraft:time_since_rest":10195,"minecraft:sprint_one_cm":140279,"minecraft:damage_taken":2717,"minecraft:walk_one_cm":150025,"minecraft:damage_blocked_by_shield":445,"minecraft:drop":11,"minecraft:damage_dealt":3362,"minecraft:player_kills":1,"minecraft:swim_one_cm":14575,"minecraft:fly_one_cm":256218,"minecraft:open_chest":8,"minecraft:crouch_one_cm":5577,"minecraft:play_time":68278,"minecraft:deaths":5,"minecraft:sneak_time":2438,"minecraft:walk_under_water_one_cm":4433,"minecraft:boat_one_cm":67079,"minecraft:jump":730,"minecraft:walk_on_water_one_cm":10245,"minecraft:total_world_time":68278,"minecraft:fall_one_cm":21174},"minecraft:used":{"minecraft:oak_trapdoor":1,"minecraft:stone_sword":73,"minecraft:spruce_slab":1,"minecraft:stone_pickaxe":7,"minecraft:ladder":3,"minecraft:spruce_planks":7,"minecraft:wooden_pickaxe":14,"minecraft:shield":16,"minecraft:iron_chestplate":1,"minecraft:torch":12,"minecraft:dirt":4,"minecraft:crafting_table":6,"minecraft:spruce_boat":3,"minecraft:wooden_axe":44,"sophisticatedbackpacks:backpack":1,"minecraft:iron_axe":16,"minecraft:bread":12,"minecraft:iron_pickaxe":102,"minecraft:iron_helmet":1,"minecraft:iron_boots":1,"minecraft:diamond_sword":2,"minecraft:cobblestone":12,"minecraft:beef":5,"minecraft:furnace":2,"minecraft:andesite":1,"alexsmobs:animal_dictionary":1,"minecraft:cooked_beef":7,"minecraft:cobbled_deepslate":8,"minecraft:iron_leggings":1},"minecraft:killed_by":{"endofherobrine:cow":1,"minecraft:zombie_villager":1,"minecraft:cave_spider":1,"minecraft:skeleton":1}},"DataVersion":3120}