{"stats":{"minecraft:dropped":{"minecraft:bread":2,"minecraft:wooden_axe":1,"minecraft:wooden_pickaxe":1,"minecraft:stick":31},"minecraft:crafted":{"minecraft:crafting_table":1,"minecraft:spruce_planks":48,"minecraft:stick":132,"minecraft:iron_ingot":9,"minecraft:wooden_pickaxe":1,"minecraft:stone_pickaxe":1,"minecraft:wooden_axe":1,"minecraft:iron_block":1,"minecraft:iron_leggings":1,"minecraft:furnace":1,"minecraft:spruce_boat":1,"minecraft:air":0},"minecraft:mined":{"minecraft:raw_iron_block":7,"minecraft:smoker":1,"minecraft:spruce_log":29,"minecraft:crafting_table":2,"minecraft:grass":1,"minecraft:grass_block":2,"minecraft:oak_log":9,"minecraft:dirt":1,"minecraft:cobblestone":11,"minecraft:spruce_leaves":7,"minecraft:stone":2},"minecraft:picked_up":{"minecraft:wooden_axe":1,"minecraft:stick":1,"minecraft:crafting_table":2,"minecraft:smoker":1,"minecraft:raw_iron_block":7,"minecraft:oak_log":9,"minecraft:spruce_sapling":6,"minecraft:spruce_log":28,"minecraft:dirt":19,"minecraft:cobblestone":13},"minecraft:custom":{"minecraft:time_since_rest":17711,"minecraft:interact_with_furnace":17,"minecraft:sprint_one_cm":22438,"minecraft:damage_taken":180,"minecraft:walk_one_cm":29026,"minecraft:drop":5,"minecraft:damage_dealt":78,"minecraft:interact_with_crafting_table":7,"minecraft:fly_one_cm":10977,"minecraft:player_kills":1,"minecraft:open_chest":1,"minecraft:crouch_one_cm":569,"minecraft:play_time":17711,"minecraft:sneak_time":296,"minecraft:boat_one_cm":37247,"minecraft:jump":155,"minecraft:time_since_death":17711,"minecraft:total_world_time":17711,"minecraft:climb_one_cm":2315,"minecraft:fall_one_cm":3386},"minecraft:used":{"minecraft:spruce_boat":1,"minecraft:wooden_axe":44,"minecraft:bread":1,"minecraft:stone_pickaxe":7,"minecraft:wooden_pickaxe":14,"minecraft:dirt":3,"minecraft:cobblestone":1,"minecraft:crafting_table":2,"minecraft:furnace":1,"alexsmobs:animal_dictionary":1,"minecraft:iron_leggings":1}},"DataVersion":3120}