{"stats":{"minecraft:used":{"minecraft:wooden_axe":12,"minecraft:crafting_table":1},"minecraft:mined":{"minecraft:large_fern":2,"minecraft:spruce_leaves":4,"minecraft:spruce_log":13,"minecraft:crafting_table":1,"minecraft:fern":1},"minecraft:crafted":{"minecraft:crafting_table":1,"minecraft:spruce_planks":28,"minecraft:stick":4,"minecraft:wooden_pickaxe":1,"minecraft:wooden_axe":1},"minecraft:picked_up":{"minecraft:crafting_table":1,"minecraft:spruce_sapling":1,"minecraft:spruce_log":13},"minecraft:custom":{"minecraft:time_since_rest":2725,"minecraft:play_one_minute":2725,"minecraft:crouch_one_cm":105,"minecraft:sprint_one_cm":593,"minecraft:walk_one_cm":3709,"minecraft:sneak_time":35,"minecraft:jump":20,"minecraft:time_since_death":2725,"minecraft:fly_one_cm":85,"minecraft:interact_with_crafting_table":1}},"DataVersion":2586}