{"stats":{"minecraft:used":{"minecraft:wooden_axe":31,"minecraft:flint_and_steel":1,"minecraft:chicken":2,"minecraft:spruce_planks":44,"minecraft:dark_oak_button":8,"minecraft:tnt":174,"minecraft:crafting_table":1,"minecraft:obsidian":15},"minecraft:killed":{"minecraft:horse":4,"minecraft:chicken":1},"minecraft:mined":{"minecraft:large_fern":2,"minecraft:spruce_planks":5,"minecraft:spruce_log":14,"minecraft:crafting_table":1,"minecraft:spruce_leaves":5,"minecraft:fern":1},"minecraft:crafted":{"minecraft:crafting_table":1,"minecraft:spruce_planks":56,"minecraft:stick":4,"minecraft:wooden_pickaxe":1,"minecraft:wooden_axe":1},"minecraft:dropped":{"minecraft:feather":2},"minecraft:picked_up":{"minecraft:dark_oak_button":2,"minecraft:crafting_table":1,"minecraft:feather":2,"minecraft:azure_bluet":1,"minecraft:chicken":1,"minecraft:andesite":2,"minecraft:leather":1,"minecraft:sand":1,"minecraft:spruce_sapling":1,"minecraft:spruce_log":14,"minecraft:dirt":16,"minecraft:spruce_planks":5},"minecraft:custom":{"minecraft:time_since_rest":11263,"minecraft:sprint_one_cm":9301,"minecraft:damage_taken":20,"minecraft:walk_one_cm":20949,"minecraft:mob_kills":5,"minecraft:drop":2,"minecraft:damage_dealt":903,"minecraft:interact_with_crafting_table":1,"minecraft:fly_one_cm":185142,"minecraft:crouch_one_cm":2109,"minecraft:play_one_minute":11263,"minecraft:sneak_time":907,"minecraft:jump":134,"minecraft:leave_game":2,"minecraft:time_since_death":11263,"minecraft:fall_one_cm":1438}},"DataVersion":2586}