{"stats":{"minecraft:dropped":{"minecraft:dirt":1},"minecraft:custom":{"minecraft:jump":66,"minecraft:time_since_rest":9247,"minecraft:damage_dealt":218,"minecraft:leave_game":2,"minecraft:play_time":9247,"minecraft:sprint_one_cm":4399,"minecraft:time_since_death":9247,"minecraft:walk_one_cm":6258,"minecraft:total_world_time":9247,"minecraft:mob_kills":2,"minecraft:drop":1,"minecraft:fly_one_cm":2751},"minecraft:killed":{"minecraft:cow":2},"minecraft:used":{"alexsmobs:animal_dictionary":1,"minecraft:dirt":1},"minecraft:picked_up":{"minecraft:beef":4,"minecraft:leather":2,"minecraft:dirt":2},"minecraft:mined":{"minecraft:grass_block":1,"minecraft:dirt":1}},"DataVersion":3120}