{
  "betterdungeons:root": {
    "criteria": {
      "always": "2024-06-29 01:35:43 +0000"
    },
    "done": true
  },
  "betterdeserttemples:root": {
    "criteria": {
      "always": "2024-06-29 01:35:43 +0000"
    },
    "done": true
  },
  "minecraft:husbandry/root": {
    "criteria": {
      "consumed_item": "2024-06-29 01:45:15 +0000"
    },
    "done": true
  },
  "minecraft:story/iron_tools": {
    "criteria": {
      "iron_pickaxe": "2024-06-29 01:53:44 +0000"
    },
    "done": true
  },
  "minecraft:adventure/kill_a_mob": {
    "criteria": {
      "minecraft:zombie": "2024-06-29 01:53:00 +0000"
    },
    "done": true
  },
  "minecraft:adventure/kill_all_mobs": {
    "criteria": {
      "minecraft:spider": "2024-06-29 01:53:12 +0000",
      "minecraft:zombie": "2024-06-29 01:53:00 +0000"
    },
    "done": false
  },
  "minecraft:story/upgrade_tools": {
    "criteria": {
      "stone_pickaxe": "2024-06-29 01:56:28 +0000"
    },
    "done": true
  },
  "minecraft:story/root": {
    "criteria": {
      "crafting_table": "2024-06-29 01:38:46 +0000"
    },
    "done": true
  },
  "minecraft:husbandry/balanced_diet": {
    "criteria": {
      "bread": "2024-06-29 01:45:15 +0000"
    },
    "done": false
  },
  "minecraft:story/smelt_iron": {
    "criteria": {
      "iron": "2024-06-29 01:53:40 +0000"
    },
    "done": true
  },
  "minecraft:story/mine_stone": {
    "criteria": {
      "get_stone": "2024-06-29 01:45:24 +0000"
    },
    "done": true
  },
  "minecraft:adventure/root": {
    "criteria": {
      "killed_by_something": "2024-06-29 01:37:01 +0000"
    },
    "done": true
  },
  "endofherobrine:story/root": {
    "criteria": {
      "requirement": "2024-06-29 01:36:35 +0000"
    },
    "done": true
  },
  "minecraft:adventure/adventuring_time": {
    "criteria": {
      "minecraft:taiga": "2024-06-29 01:37:28 +0000",
      "minecraft:frozen_river": "2024-06-29 01:43:17 +0000",
      "minecraft:windswept_hills": "2024-06-29 01:37:29 +0000",
      "minecraft:snowy_plains": "2024-06-29 01:43:41 +0000",
      "minecraft:snowy_taiga": "2024-06-29 01:35:44 +0000",
      "minecraft:windswept_forest": "2024-06-29 01:36:19 +0000",
      "minecraft:windswept_gravelly_hills": "2024-06-29 01:44:34 +0000",
      "minecraft:plains": "2024-06-29 01:43:42 +0000"
    },
    "done": false
  },
  "DataVersion": 3120
}