{
  "betterdungeons:root": {
    "criteria": {
      "always": "2024-06-29 01:35:43 +0000"
    },
    "done": true
  },
  "betterdeserttemples:root": {
    "criteria": {
      "always": "2024-06-29 01:35:43 +0000"
    },
    "done": true
  },
  "minecraft:adventure/root": {
    "criteria": {
      "killed_by_something": "2024-06-29 01:37:01 +0000"
    },
    "done": true
  },
  "endofherobrine:story/root": {
    "criteria": {
      "requirement": "2024-06-29 01:36:35 +0000"
    },
    "done": true
  },
  "minecraft:adventure/adventuring_time": {
    "criteria": {
      "minecraft:taiga": "2024-06-29 01:37:28 +0000",
      "minecraft:windswept_hills": "2024-06-29 01:37:29 +0000",
      "minecraft:snowy_taiga": "2024-06-29 01:35:44 +0000",
      "minecraft:windswept_forest": "2024-06-29 01:36:19 +0000"
    },
    "done": false
  },
  "minecraft:story/root": {
    "criteria": {
      "crafting_table": "2024-06-29 01:38:46 +0000"
    },
    "done": true
  },
  "DataVersion": 3120
}