{
  "betterdungeons:all_dungeons": {
    "criteria": {
      "in_better_monster_room": "2024-06-29 02:23:46 +0000"
    },
    "done": false
  },
  "betterdungeons:root": {
    "criteria": {
      "always": "2024-06-29 01:34:32 +0000"
    },
    "done": true
  },
  "betterdeserttemples:root": {
    "criteria": {
      "always": "2024-06-29 01:34:32 +0000"
    },
    "done": true
  },
  "minecraft:husbandry/root": {
    "criteria": {
      "consumed_item": "2024-06-29 01:37:03 +0000"
    },
    "done": true
  },
  "minecraft:story/iron_tools": {
    "criteria": {
      "iron_pickaxe": "2024-06-29 02:05:25 +0000"
    },
    "done": true
  },
  "minecraft:adventure/kill_a_mob": {
    "criteria": {
      "minecraft:zombie_villager": "2024-06-29 01:53:46 +0000"
    },
    "done": true
  },
  "minecraft:adventure/kill_all_mobs": {
    "criteria": {
      "minecraft:skeleton": "2024-06-29 02:43:12 +0000",
      "minecraft:spider": "2024-06-29 01:54:09 +0000",
      "quark:forgotten": "2024-06-29 02:44:46 +0000",
      "minecraft:cave_spider": "2024-06-29 02:28:39 +0000",
      "minecraft:zombie": "2024-06-29 02:11:54 +0000",
      "minecraft:zombie_villager": "2024-06-29 01:53:46 +0000"
    },
    "done": false
  },
  "minecraft:story/mine_diamond": {
    "criteria": {
      "diamond": "2024-06-29 02:22:02 +0000"
    },
    "done": true
  },
  "minecraft:story/upgrade_tools": {
    "criteria": {
      "stone_pickaxe": "2024-06-29 01:46:10 +0000"
    },
    "done": true
  },
  "alexsmobs:alexsmobs/root": {
    "criteria": {
      "useitem": "2024-06-29 01:37:03 +0000"
    },
    "done": true
  },
  "minecraft:story/root": {
    "criteria": {
      "crafting_table": "2024-06-29 01:35:52 +0000"
    },
    "done": true
  },
  "minecraft:story/obtain_armor": {
    "criteria": {
      "iron_leggings": "2024-06-29 01:48:39 +0000"
    },
    "done": true
  },
  "minecraft:husbandry/balanced_diet": {
    "criteria": {
      "cooked_beef": "2024-06-29 01:51:42 +0000",
      "beef": "2024-06-29 02:20:37 +0000",
      "apple": "2024-06-29 02:41:11 +0000",
      "bread": "2024-06-29 01:45:10 +0000"
    },
    "done": false
  },
  "minecraft:story/smelt_iron": {
    "criteria": {
      "iron": "2024-06-29 01:48:34 +0000"
    },
    "done": true
  },
  "betterdungeons:small_dungeon": {
    "criteria": {
      "in_better_monster_room": "2024-06-29 02:23:46 +0000"
    },
    "done": true
  },
  "minecraft:story/mine_stone": {
    "criteria": {
      "get_stone": "2024-06-29 01:37:09 +0000"
    },
    "done": true
  },
  "minecraft:adventure/root": {
    "criteria": {
      "killed_something": "2024-06-29 01:37:51 +0000"
    },
    "done": true
  },
  "endofherobrine:story/root": {
    "criteria": {
      "requirement": "2024-06-29 01:35:07 +0000"
    },
    "done": true
  },
  "quark:get_forgotten_hat": {
    "criteria": {
      "get_forgotten_hat": "2024-06-29 02:44:47 +0000"
    },
    "done": true
  },
  "minecraft:story/deflect_arrow": {
    "criteria": {
      "deflected_projectile": "2024-06-29 02:22:16 +0000"
    },
    "done": true
  },
  "minecraft:adventure/adventuring_time": {
    "criteria": {
      "minecraft:frozen_river": "2024-06-29 01:43:16 +0000",
      "minecraft:windswept_hills": "2024-06-29 01:37:09 +0000",
      "minecraft:river": "2024-06-29 01:50:56 +0000",
      "minecraft:snowy_plains": "2024-06-29 01:43:40 +0000",
      "minecraft:snowy_taiga": "2024-06-29 01:34:33 +0000",
      "minecraft:ice_spikes": "2024-06-29 02:30:05 +0000",
      "minecraft:windswept_forest": "2024-06-29 01:38:54 +0000",
      "minecraft:windswept_gravelly_hills": "2024-06-29 02:33:46 +0000",
      "minecraft:plains": "2024-06-29 01:43:42 +0000"
    },
    "done": false
  },
  "DataVersion": 3120
}